seen_at_iso,slot_at_iso,lead_minutes,lead_hours,service,party_size,weekday_slot,weekday_seen,hour_slot,merchant_id,source
2025-10-09T17:02:41+00:00,2025-10-09T13:30:00-04:00,27,0.5,Lunch,2,Thu,Thu,13,278278,wisely
2025-10-09T17:02:41+00:00,2025-10-09T13:30:00-04:00,27,0.5,Lunch,4,Thu,Thu,13,278278,wisely
2025-10-09T17:04:02+00:00,2025-10-13T14:45:00-04:00,5861,97.7,Lunch,2,Mon,Thu,14,278278,wisely
2025-10-09T17:25:35+00:00,2025-10-10T12:45:00-04:00,1399,23.3,Lunch,2,Fri,Thu,12,278278,wisely
2025-10-09T17:55:45+00:00,2025-10-09T14:45:00-04:00,49,0.8,Lunch,2,Thu,Thu,14,278278,wisely
2025-10-09T17:55:45+00:00,2025-10-09T14:45:00-04:00,49,0.8,Lunch,4,Thu,Thu,14,278278,wisely
2025-10-09T18:32:06+00:00,2025-10-09T15:00:00-04:00,28,0.5,Lunch,2,Thu,Thu,15,278278,wisely
2025-10-09T18:32:06+00:00,2025-10-09T15:00:00-04:00,28,0.5,Lunch,4,Thu,Thu,15,278278,wisely
2025-10-09T18:33:23+00:00,2025-10-13T14:45:00-04:00,5772,96.2,Lunch,2,Mon,Thu,14,278278,wisely
2025-10-09T20:51:32+00:00,2025-10-11T16:30:00-04:00,2858,47.6,Dinner,2,Sat,Thu,16,278278,wisely
2025-10-09T20:51:32+00:00,2025-10-11T16:30:00-04:00,2858,47.6,Dinner,4,Sat,Thu,16,278278,wisely
2025-10-09T21:11:09+00:00,2025-10-10T12:00:00-04:00,1129,18.8,Lunch,2,Fri,Thu,12,278278,wisely
2025-10-09T21:11:09+00:00,2025-10-10T13:00:00-04:00,1189,19.8,Lunch,2,Fri,Thu,13,278278,wisely
2025-10-09T21:11:09+00:00,2025-10-10T15:15:00-04:00,1324,22.1,Lunch,2,Fri,Thu,15,278278,wisely
2025-10-09T21:11:09+00:00,2025-10-10T12:00:00-04:00,1129,18.8,Lunch,4,Fri,Thu,12,278278,wisely
2025-10-09T21:41:25+00:00,2025-10-10T21:30:00-04:00,1669,27.8,Dinner,2,Fri,Thu,21,278278,wisely
2025-10-09T21:41:25+00:00,2025-10-10T21:30:00-04:00,1669,27.8,Dinner,4,Fri,Thu,21,278278,wisely
2025-10-09T21:41:36+00:00,2025-10-10T11:30:00-04:00,1068,17.8,Lunch,2,Fri,Thu,11,278278,wisely
2025-10-09T21:41:36+00:00,2025-10-10T11:30:00-04:00,1068,17.8,Lunch,4,Fri,Thu,11,278278,wisely
2025-10-09T21:53:26+00:00,2025-10-10T15:00:00-04:00,1267,21.1,Lunch,2,Fri,Thu,15,278278,wisely
2025-10-09T21:53:27+00:00,2025-10-10T15:00:00-04:00,1267,21.1,Lunch,4,Fri,Thu,15,278278,wisely
2025-10-09T22:14:54+00:00,2025-10-10T15:15:00-04:00,1260,21.0,Lunch,2,Fri,Thu,15,278278,wisely
2025-10-09T23:11:27+00:00,2025-10-10T21:15:00-04:00,1564,26.1,Dinner,2,Fri,Thu,21,278278,wisely
2025-10-10T02:40:02+00:00,2025-10-13T21:00:00-04:00,5660,94.3,Dinner,2,Mon,Thu,21,278278,wisely
2025-10-10T03:50:41+00:00,2025-10-13T21:00:00-04:00,5589,93.2,Dinner,2,Mon,Thu,21,278278,wisely
2025-10-10T04:13:32+00:00,2025-10-14T14:00:00-04:00,6586,109.8,Lunch,2,Tue,Fri,14,278278,wisely
2025-10-10T04:13:32+00:00,2025-10-14T14:15:00-04:00,6601,110.0,Lunch,2,Tue,Fri,14,278278,wisely
2025-10-10T04:13:32+00:00,2025-10-14T14:30:00-04:00,6616,110.3,Lunch,2,Tue,Fri,14,278278,wisely
2025-10-10T04:13:32+00:00,2025-10-14T14:00:00-04:00,6586,109.8,Lunch,4,Tue,Fri,14,278278,wisely
2025-10-10T04:13:32+00:00,2025-10-14T14:15:00-04:00,6601,110.0,Lunch,4,Tue,Fri,14,278278,wisely
2025-10-10T04:13:32+00:00,2025-10-14T14:30:00-04:00,6616,110.3,Lunch,4,Tue,Fri,14,278278,wisely
2025-10-10T04:13:36+00:00,2025-10-14T14:45:00-04:00,6631,110.5,Lunch,2,Tue,Fri,14,278278,wisely
2025-10-10T04:13:36+00:00,2025-10-14T14:45:00-04:00,6631,110.5,Lunch,4,Tue,Fri,14,278278,wisely
2025-10-10T04:13:43+00:00,2025-10-15T13:45:00-04:00,8011,133.5,Lunch,2,Wed,Fri,13,278278,wisely
2025-10-10T04:13:43+00:00,2025-10-15T14:00:00-04:00,8026,133.8,Lunch,2,Wed,Fri,14,278278,wisely
2025-10-10T04:13:43+00:00,2025-10-15T14:15:00-04:00,8041,134.0,Lunch,2,Wed,Fri,14,278278,wisely
2025-10-10T04:13:43+00:00,2025-10-15T14:00:00-04:00,8026,133.8,Lunch,4,Wed,Fri,14,278278,wisely
2025-10-10T04:13:43+00:00,2025-10-15T14:15:00-04:00,8041,134.0,Lunch,4,Wed,Fri,14,278278,wisely
2025-10-10T04:13:43+00:00,2025-10-15T14:30:00-04:00,8056,134.3,Lunch,4,Wed,Fri,14,278278,wisely
2025-10-10T04:13:46+00:00,2025-10-15T14:30:00-04:00,8056,134.3,Lunch,2,Wed,Fri,14,278278,wisely
2025-10-10T04:13:47+00:00,2025-10-15T14:45:00-04:00,8071,134.5,Lunch,2,Wed,Fri,14,278278,wisely
2025-10-10T04:13:47+00:00,2025-10-15T14:45:00-04:00,8071,134.5,Lunch,4,Wed,Fri,14,278278,wisely
2025-10-10T04:13:54+00:00,2025-10-16T14:00:00-04:00,9466,157.8,Lunch,2,Thu,Fri,14,278278,wisely
2025-10-10T04:13:54+00:00,2025-10-16T14:15:00-04:00,9481,158.0,Lunch,2,Thu,Fri,14,278278,wisely
2025-10-10T04:13:54+00:00,2025-10-16T14:30:00-04:00,9496,158.3,Lunch,2,Thu,Fri,14,278278,wisely
2025-10-10T04:13:55+00:00,2025-10-16T14:00:00-04:00,9466,157.8,Lunch,4,Thu,Fri,14,278278,wisely
2025-10-10T04:13:55+00:00,2025-10-16T14:15:00-04:00,9481,158.0,Lunch,4,Thu,Fri,14,278278,wisely
2025-10-10T04:13:55+00:00,2025-10-16T14:30:00-04:00,9496,158.3,Lunch,4,Thu,Fri,14,278278,wisely
2025-10-10T04:13:59+00:00,2025-10-16T14:45:00-04:00,9511,158.5,Lunch,2,Thu,Fri,14,278278,wisely
2025-10-10T04:13:59+00:00,2025-10-16T14:45:00-04:00,9511,158.5,Lunch,4,Thu,Fri,14,278278,wisely
2025-10-10T04:14:06+00:00,2025-10-17T11:30:00-04:00,10756,179.3,Lunch,2,Fri,Fri,11,278278,wisely
2025-10-10T04:14:06+00:00,2025-10-17T14:15:00-04:00,10921,182.0,Lunch,2,Fri,Fri,14,278278,wisely
2025-10-10T04:14:06+00:00,2025-10-17T14:45:00-04:00,10951,182.5,Lunch,2,Fri,Fri,14,278278,wisely
2025-10-10T04:14:07+00:00,2025-10-17T11:30:00-04:00,10756,179.3,Lunch,4,Fri,Fri,11,278278,wisely
2025-10-10T04:14:09+00:00,2025-10-17T15:15:00-04:00,10981,183.0,Lunch,2,Fri,Fri,15,278278,wisely
2025-10-10T04:39:45+00:00,2025-10-13T21:00:00-04:00,5540,92.3,Dinner,2,Mon,Fri,21,278278,wisely
2025-10-10T05:14:01+00:00,2025-10-14T14:00:00-04:00,6526,108.8,Lunch,2,Tue,Fri,14,278278,wisely
2025-10-10T05:14:01+00:00,2025-10-14T14:15:00-04:00,6541,109.0,Lunch,2,Tue,Fri,14,278278,wisely
2025-10-10T05:14:01+00:00,2025-10-14T14:30:00-04:00,6556,109.3,Lunch,2,Tue,Fri,14,278278,wisely
2025-10-10T05:14:01+00:00,2025-10-14T14:00:00-04:00,6526,108.8,Lunch,4,Tue,Fri,14,278278,wisely
2025-10-10T05:14:01+00:00,2025-10-14T14:15:00-04:00,6541,109.0,Lunch,4,Tue,Fri,14,278278,wisely
2025-10-10T05:14:01+00:00,2025-10-14T14:30:00-04:00,6556,109.3,Lunch,4,Tue,Fri,14,278278,wisely
2025-10-10T05:14:06+00:00,2025-10-14T14:45:00-04:00,6571,109.5,Lunch,2,Tue,Fri,14,278278,wisely
2025-10-10T05:14:07+00:00,2025-10-14T14:45:00-04:00,6571,109.5,Lunch,4,Tue,Fri,14,278278,wisely
2025-10-10T05:14:16+00:00,2025-10-15T13:45:00-04:00,7951,132.5,Lunch,2,Wed,Fri,13,278278,wisely
2025-10-10T05:14:16+00:00,2025-10-15T14:00:00-04:00,7966,132.8,Lunch,2,Wed,Fri,14,278278,wisely
2025-10-10T05:14:16+00:00,2025-10-15T14:15:00-04:00,7981,133.0,Lunch,2,Wed,Fri,14,278278,wisely
2025-10-10T05:14:16+00:00,2025-10-15T14:00:00-04:00,7966,132.8,Lunch,4,Wed,Fri,14,278278,wisely
2025-10-10T05:14:16+00:00,2025-10-15T14:15:00-04:00,7981,133.0,Lunch,4,Wed,Fri,14,278278,wisely
2025-10-10T05:14:16+00:00,2025-10-15T14:30:00-04:00,7996,133.3,Lunch,4,Wed,Fri,14,278278,wisely
2025-10-10T05:14:21+00:00,2025-10-15T14:30:00-04:00,7996,133.3,Lunch,2,Wed,Fri,14,278278,wisely
2025-10-10T05:14:22+00:00,2025-10-15T14:45:00-04:00,8011,133.5,Lunch,2,Wed,Fri,14,278278,wisely
2025-10-10T05:14:22+00:00,2025-10-15T14:45:00-04:00,8011,133.5,Lunch,4,Wed,Fri,14,278278,wisely
2025-10-10T05:14:32+00:00,2025-10-16T14:00:00-04:00,9405,156.8,Lunch,2,Thu,Fri,14,278278,wisely
2025-10-10T05:14:32+00:00,2025-10-16T14:15:00-04:00,9420,157.0,Lunch,2,Thu,Fri,14,278278,wisely
2025-10-10T05:14:32+00:00,2025-10-16T14:30:00-04:00,9435,157.3,Lunch,2,Thu,Fri,14,278278,wisely
2025-10-10T05:14:32+00:00,2025-10-16T14:00:00-04:00,9405,156.8,Lunch,4,Thu,Fri,14,278278,wisely
2025-10-10T05:14:32+00:00,2025-10-16T14:15:00-04:00,9420,157.0,Lunch,4,Thu,Fri,14,278278,wisely
2025-10-10T05:14:32+00:00,2025-10-16T14:30:00-04:00,9435,157.3,Lunch,4,Thu,Fri,14,278278,wisely
2025-10-10T05:14:38+00:00,2025-10-16T14:45:00-04:00,9450,157.5,Lunch,2,Thu,Fri,14,278278,wisely
2025-10-10T05:14:38+00:00,2025-10-16T14:45:00-04:00,9450,157.5,Lunch,4,Thu,Fri,14,278278,wisely
2025-10-10T05:14:48+00:00,2025-10-17T11:30:00-04:00,10695,178.3,Lunch,2,Fri,Fri,11,278278,wisely
2025-10-10T05:14:48+00:00,2025-10-17T14:15:00-04:00,10860,181.0,Lunch,2,Fri,Fri,14,278278,wisely
2025-10-10T05:14:48+00:00,2025-10-17T14:45:00-04:00,10890,181.5,Lunch,2,Fri,Fri,14,278278,wisely
2025-10-10T05:14:48+00:00,2025-10-17T11:30:00-04:00,10695,178.3,Lunch,4,Fri,Fri,11,278278,wisely
2025-10-10T05:14:51+00:00,2025-10-17T15:15:00-04:00,10920,182.0,Lunch,2,Fri,Fri,15,278278,wisely
2025-10-10T05:37:45+00:00,2025-10-13T21:00:00-04:00,5482,91.4,Dinner,2,Mon,Fri,21,278278,wisely
2025-10-10T06:18:24+00:00,2025-10-13T21:00:00-04:00,5442,90.7,Dinner,2,Mon,Fri,21,278278,wisely
2025-10-10T06:18:52+00:00,2025-10-14T14:00:00-04:00,6461,107.7,Lunch,2,Tue,Fri,14,278278,wisely
2025-10-10T06:18:52+00:00,2025-10-14T14:15:00-04:00,6476,107.9,Lunch,2,Tue,Fri,14,278278,wisely
2025-10-10T06:18:52+00:00,2025-10-14T14:30:00-04:00,6491,108.2,Lunch,2,Tue,Fri,14,278278,wisely
2025-10-10T06:18:53+00:00,2025-10-14T14:00:00-04:00,6461,107.7,Lunch,4,Tue,Fri,14,278278,wisely
2025-10-10T06:18:53+00:00,2025-10-14T14:15:00-04:00,6476,107.9,Lunch,4,Tue,Fri,14,278278,wisely
2025-10-10T06:18:53+00:00,2025-10-14T14:30:00-04:00,6491,108.2,Lunch,4,Tue,Fri,14,278278,wisely
2025-10-10T06:18:59+00:00,2025-10-14T14:45:00-04:00,6506,108.4,Lunch,2,Tue,Fri,14,278278,wisely
2025-10-10T06:18:59+00:00,2025-10-14T14:45:00-04:00,6506,108.4,Lunch,4,Tue,Fri,14,278278,wisely
2025-10-10T06:19:10+00:00,2025-10-15T13:45:00-04:00,7886,131.4,Lunch,2,Wed,Fri,13,278278,wisely
2025-10-10T06:19:10+00:00,2025-10-15T14:00:00-04:00,7901,131.7,Lunch,2,Wed,Fri,14,278278,wisely
2025-10-10T06:19:10+00:00,2025-10-15T14:15:00-04:00,7916,131.9,Lunch,2,Wed,Fri,14,278278,wisely
2025-10-10T06:19:10+00:00,2025-10-15T14:00:00-04:00,7901,131.7,Lunch,4,Wed,Fri,14,278278,wisely
2025-10-10T06:19:10+00:00,2025-10-15T14:15:00-04:00,7916,131.9,Lunch,4,Wed,Fri,14,278278,wisely
2025-10-10T06:19:10+00:00,2025-10-15T14:30:00-04:00,7931,132.2,Lunch,4,Wed,Fri,14,278278,wisely
2025-10-10T06:19:16+00:00,2025-10-15T14:30:00-04:00,7931,132.2,Lunch,2,Wed,Fri,14,278278,wisely
2025-10-10T06:19:16+00:00,2025-10-15T14:45:00-04:00,7946,132.4,Lunch,2,Wed,Fri,14,278278,wisely
2025-10-10T06:19:17+00:00,2025-10-15T14:45:00-04:00,7946,132.4,Lunch,4,Wed,Fri,14,278278,wisely
2025-10-10T06:19:28+00:00,2025-10-16T14:00:00-04:00,9341,155.7,Lunch,2,Thu,Fri,14,278278,wisely
2025-10-10T06:19:28+00:00,2025-10-16T14:15:00-04:00,9356,155.9,Lunch,2,Thu,Fri,14,278278,wisely
2025-10-10T06:19:28+00:00,2025-10-16T14:30:00-04:00,9371,156.2,Lunch,2,Thu,Fri,14,278278,wisely
2025-10-10T06:19:28+00:00,2025-10-16T14:00:00-04:00,9341,155.7,Lunch,4,Thu,Fri,14,278278,wisely
2025-10-10T06:19:28+00:00,2025-10-16T14:15:00-04:00,9356,155.9,Lunch,4,Thu,Fri,14,278278,wisely
2025-10-10T06:19:28+00:00,2025-10-16T14:30:00-04:00,9371,156.2,Lunch,4,Thu,Fri,14,278278,wisely
2025-10-10T06:19:34+00:00,2025-10-16T14:45:00-04:00,9385,156.4,Lunch,2,Thu,Fri,14,278278,wisely
2025-10-10T06:19:34+00:00,2025-10-16T14:45:00-04:00,9385,156.4,Lunch,4,Thu,Fri,14,278278,wisely
2025-10-10T06:19:45+00:00,2025-10-17T11:30:00-04:00,10630,177.2,Lunch,2,Fri,Fri,11,278278,wisely
2025-10-10T06:19:45+00:00,2025-10-17T14:15:00-04:00,10795,179.9,Lunch,2,Fri,Fri,14,278278,wisely
2025-10-10T06:19:45+00:00,2025-10-17T14:45:00-04:00,10825,180.4,Lunch,2,Fri,Fri,14,278278,wisely
2025-10-10T06:19:46+00:00,2025-10-17T11:30:00-04:00,10630,177.2,Lunch,4,Fri,Fri,11,278278,wisely
2025-10-10T06:19:50+00:00,2025-10-17T15:15:00-04:00,10855,180.9,Lunch,2,Fri,Fri,15,278278,wisely
2025-10-10T07:11:21+00:00,2025-10-13T21:00:00-04:00,5389,89.8,Dinner,2,Mon,Fri,21,278278,wisely
2025-10-10T07:11:41+00:00,2025-10-14T14:00:00-04:00,6408,106.8,Lunch,2,Tue,Fri,14,278278,wisely
2025-10-10T07:11:41+00:00,2025-10-14T14:15:00-04:00,6423,107.1,Lunch,2,Tue,Fri,14,278278,wisely
2025-10-10T07:11:41+00:00,2025-10-14T14:30:00-04:00,6438,107.3,Lunch,2,Tue,Fri,14,278278,wisely
2025-10-10T07:11:41+00:00,2025-10-14T14:00:00-04:00,6408,106.8,Lunch,4,Tue,Fri,14,278278,wisely
2025-10-10T07:11:41+00:00,2025-10-14T14:15:00-04:00,6423,107.1,Lunch,4,Tue,Fri,14,278278,wisely
2025-10-10T07:11:41+00:00,2025-10-14T14:30:00-04:00,6438,107.3,Lunch,4,Tue,Fri,14,278278,wisely
2025-10-10T07:11:45+00:00,2025-10-14T14:45:00-04:00,6453,107.6,Lunch,2,Tue,Fri,14,278278,wisely
2025-10-10T07:11:45+00:00,2025-10-14T14:45:00-04:00,6453,107.6,Lunch,4,Tue,Fri,14,278278,wisely
2025-10-10T07:11:52+00:00,2025-10-15T13:45:00-04:00,7833,130.6,Lunch,2,Wed,Fri,13,278278,wisely
2025-10-10T07:11:52+00:00,2025-10-15T14:00:00-04:00,7848,130.8,Lunch,2,Wed,Fri,14,278278,wisely
2025-10-10T07:11:52+00:00,2025-10-15T14:15:00-04:00,7863,131.1,Lunch,2,Wed,Fri,14,278278,wisely
2025-10-10T07:11:52+00:00,2025-10-15T14:00:00-04:00,7848,130.8,Lunch,4,Wed,Fri,14,278278,wisely
2025-10-10T07:11:52+00:00,2025-10-15T14:15:00-04:00,7863,131.1,Lunch,4,Wed,Fri,14,278278,wisely
2025-10-10T07:11:52+00:00,2025-10-15T14:30:00-04:00,7878,131.3,Lunch,4,Wed,Fri,14,278278,wisely
2025-10-10T07:11:57+00:00,2025-10-15T14:30:00-04:00,7878,131.3,Lunch,2,Wed,Fri,14,278278,wisely
2025-10-10T07:11:58+00:00,2025-10-15T14:45:00-04:00,7893,131.6,Lunch,2,Wed,Fri,14,278278,wisely
2025-10-10T07:11:58+00:00,2025-10-15T14:45:00-04:00,7893,131.6,Lunch,4,Wed,Fri,14,278278,wisely
2025-10-10T07:12:05+00:00,2025-10-16T14:00:00-04:00,9288,154.8,Lunch,2,Thu,Fri,14,278278,wisely
2025-10-10T07:12:05+00:00,2025-10-16T14:15:00-04:00,9303,155.0,Lunch,2,Thu,Fri,14,278278,wisely
2025-10-10T07:12:05+00:00,2025-10-16T14:30:00-04:00,9318,155.3,Lunch,2,Thu,Fri,14,278278,wisely
2025-10-10T07:12:06+00:00,2025-10-16T14:00:00-04:00,9288,154.8,Lunch,4,Thu,Fri,14,278278,wisely
2025-10-10T07:12:06+00:00,2025-10-16T14:15:00-04:00,9303,155.0,Lunch,4,Thu,Fri,14,278278,wisely
2025-10-10T07:12:06+00:00,2025-10-16T14:30:00-04:00,9318,155.3,Lunch,4,Thu,Fri,14,278278,wisely
2025-10-10T07:12:10+00:00,2025-10-16T14:45:00-04:00,9333,155.5,Lunch,2,Thu,Fri,14,278278,wisely
2025-10-10T07:12:10+00:00,2025-10-16T14:45:00-04:00,9333,155.5,Lunch,4,Thu,Fri,14,278278,wisely
2025-10-10T07:12:17+00:00,2025-10-17T11:30:00-04:00,10578,176.3,Lunch,2,Fri,Fri,11,278278,wisely
2025-10-10T07:12:17+00:00,2025-10-17T14:15:00-04:00,10743,179.0,Lunch,2,Fri,Fri,14,278278,wisely
2025-10-10T07:12:17+00:00,2025-10-17T14:45:00-04:00,10773,179.5,Lunch,2,Fri,Fri,14,278278,wisely
2025-10-10T07:12:17+00:00,2025-10-17T11:30:00-04:00,10578,176.3,Lunch,4,Fri,Fri,11,278278,wisely
2025-10-10T07:12:20+00:00,2025-10-17T15:15:00-04:00,10803,180.0,Lunch,2,Fri,Fri,15,278278,wisely
2025-10-10T07:54:11+00:00,2025-10-13T21:00:00-04:00,5346,89.1,Dinner,2,Mon,Fri,21,278278,wisely
2025-10-10T07:54:37+00:00,2025-10-14T14:00:00-04:00,6365,106.1,Lunch,2,Tue,Fri,14,278278,wisely
2025-10-10T07:54:37+00:00,2025-10-14T14:15:00-04:00,6380,106.3,Lunch,2,Tue,Fri,14,278278,wisely
2025-10-10T07:54:37+00:00,2025-10-14T14:30:00-04:00,6395,106.6,Lunch,2,Tue,Fri,14,278278,wisely
2025-10-10T07:54:37+00:00,2025-10-14T14:00:00-04:00,6365,106.1,Lunch,4,Tue,Fri,14,278278,wisely
2025-10-10T07:54:37+00:00,2025-10-14T14:15:00-04:00,6380,106.3,Lunch,4,Tue,Fri,14,278278,wisely
2025-10-10T07:54:37+00:00,2025-10-14T14:30:00-04:00,6395,106.6,Lunch,4,Tue,Fri,14,278278,wisely
2025-10-10T07:54:42+00:00,2025-10-14T14:45:00-04:00,6410,106.8,Lunch,2,Tue,Fri,14,278278,wisely
2025-10-10T07:54:42+00:00,2025-10-14T14:45:00-04:00,6410,106.8,Lunch,4,Tue,Fri,14,278278,wisely
2025-10-10T07:54:52+00:00,2025-10-15T13:45:00-04:00,7790,129.8,Lunch,2,Wed,Fri,13,278278,wisely
2025-10-10T07:54:52+00:00,2025-10-15T14:00:00-04:00,7805,130.1,Lunch,2,Wed,Fri,14,278278,wisely
2025-10-10T07:54:52+00:00,2025-10-15T14:15:00-04:00,7820,130.3,Lunch,2,Wed,Fri,14,278278,wisely
2025-10-10T07:54:52+00:00,2025-10-15T14:00:00-04:00,7805,130.1,Lunch,4,Wed,Fri,14,278278,wisely
2025-10-10T07:54:52+00:00,2025-10-15T14:15:00-04:00,7820,130.3,Lunch,4,Wed,Fri,14,278278,wisely
2025-10-10T07:54:52+00:00,2025-10-15T14:30:00-04:00,7835,130.6,Lunch,4,Wed,Fri,14,278278,wisely
2025-10-10T07:54:57+00:00,2025-10-15T14:30:00-04:00,7835,130.6,Lunch,2,Wed,Fri,14,278278,wisely
2025-10-10T07:54:57+00:00,2025-10-15T14:45:00-04:00,7850,130.8,Lunch,2,Wed,Fri,14,278278,wisely
2025-10-10T07:54:58+00:00,2025-10-15T14:45:00-04:00,7850,130.8,Lunch,4,Wed,Fri,14,278278,wisely
2025-10-10T07:55:08+00:00,2025-10-16T14:00:00-04:00,9245,154.1,Lunch,2,Thu,Fri,14,278278,wisely
2025-10-10T07:55:08+00:00,2025-10-16T14:15:00-04:00,9260,154.3,Lunch,2,Thu,Fri,14,278278,wisely
2025-10-10T07:55:08+00:00,2025-10-16T14:30:00-04:00,9275,154.6,Lunch,2,Thu,Fri,14,278278,wisely
2025-10-10T07:55:08+00:00,2025-10-16T14:00:00-04:00,9245,154.1,Lunch,4,Thu,Fri,14,278278,wisely
2025-10-10T07:55:08+00:00,2025-10-16T14:15:00-04:00,9260,154.3,Lunch,4,Thu,Fri,14,278278,wisely
2025-10-10T07:55:08+00:00,2025-10-16T14:30:00-04:00,9275,154.6,Lunch,4,Thu,Fri,14,278278,wisely
2025-10-10T07:55:13+00:00,2025-10-16T14:45:00-04:00,9290,154.8,Lunch,2,Thu,Fri,14,278278,wisely
2025-10-10T07:55:13+00:00,2025-10-16T14:45:00-04:00,9290,154.8,Lunch,4,Thu,Fri,14,278278,wisely
2025-10-10T07:55:23+00:00,2025-10-17T11:30:00-04:00,10535,175.6,Lunch,2,Fri,Fri,11,278278,wisely
2025-10-10T07:55:23+00:00,2025-10-17T14:15:00-04:00,10700,178.3,Lunch,2,Fri,Fri,14,278278,wisely
2025-10-10T07:55:23+00:00,2025-10-17T14:45:00-04:00,10730,178.8,Lunch,2,Fri,Fri,14,278278,wisely
2025-10-10T07:55:23+00:00,2025-10-17T11:30:00-04:00,10535,175.6,Lunch,4,Fri,Fri,11,278278,wisely
2025-10-10T07:55:27+00:00,2025-10-17T15:15:00-04:00,10760,179.3,Lunch,2,Fri,Fri,15,278278,wisely
2025-10-10T08:49:09+00:00,2025-10-13T21:00:00-04:00,5291,88.2,Dinner,2,Mon,Fri,21,278278,wisely
2025-10-10T08:49:30+00:00,2025-10-14T14:00:00-04:00,6310,105.2,Lunch,2,Tue,Fri,14,278278,wisely
2025-10-10T08:49:30+00:00,2025-10-14T14:15:00-04:00,6325,105.4,Lunch,2,Tue,Fri,14,278278,wisely
2025-10-10T08:49:30+00:00,2025-10-14T14:30:00-04:00,6340,105.7,Lunch,2,Tue,Fri,14,278278,wisely
2025-10-10T08:49:30+00:00,2025-10-14T14:00:00-04:00,6310,105.2,Lunch,4,Tue,Fri,14,278278,wisely
2025-10-10T08:49:30+00:00,2025-10-14T14:15:00-04:00,6325,105.4,Lunch,4,Tue,Fri,14,278278,wisely
2025-10-10T08:49:30+00:00,2025-10-14T14:30:00-04:00,6340,105.7,Lunch,4,Tue,Fri,14,278278,wisely
2025-10-10T08:49:34+00:00,2025-10-14T14:45:00-04:00,6355,105.9,Lunch,2,Tue,Fri,14,278278,wisely
2025-10-10T08:49:34+00:00,2025-10-14T14:45:00-04:00,6355,105.9,Lunch,4,Tue,Fri,14,278278,wisely
2025-10-10T08:49:42+00:00,2025-10-15T13:45:00-04:00,7735,128.9,Lunch,2,Wed,Fri,13,278278,wisely
2025-10-10T08:49:42+00:00,2025-10-15T14:00:00-04:00,7750,129.2,Lunch,2,Wed,Fri,14,278278,wisely
2025-10-10T08:49:42+00:00,2025-10-15T14:15:00-04:00,7765,129.4,Lunch,2,Wed,Fri,14,278278,wisely
2025-10-10T08:49:43+00:00,2025-10-15T14:00:00-04:00,7750,129.2,Lunch,4,Wed,Fri,14,278278,wisely
2025-10-10T08:49:43+00:00,2025-10-15T14:15:00-04:00,7765,129.4,Lunch,4,Wed,Fri,14,278278,wisely
2025-10-10T08:49:43+00:00,2025-10-15T14:30:00-04:00,7780,129.7,Lunch,4,Wed,Fri,14,278278,wisely
2025-10-10T08:49:47+00:00,2025-10-15T14:30:00-04:00,7780,129.7,Lunch,2,Wed,Fri,14,278278,wisely
2025-10-10T08:49:47+00:00,2025-10-15T14:45:00-04:00,7795,129.9,Lunch,2,Wed,Fri,14,278278,wisely
2025-10-10T08:49:47+00:00,2025-10-15T14:45:00-04:00,7795,129.9,Lunch,4,Wed,Fri,14,278278,wisely
2025-10-10T08:49:55+00:00,2025-10-16T14:00:00-04:00,9190,153.2,Lunch,2,Thu,Fri,14,278278,wisely
2025-10-10T08:49:55+00:00,2025-10-16T14:15:00-04:00,9205,153.4,Lunch,2,Thu,Fri,14,278278,wisely
2025-10-10T08:49:55+00:00,2025-10-16T14:30:00-04:00,9220,153.7,Lunch,2,Thu,Fri,14,278278,wisely
2025-10-10T08:49:55+00:00,2025-10-16T14:00:00-04:00,9190,153.2,Lunch,4,Thu,Fri,14,278278,wisely
2025-10-10T08:49:55+00:00,2025-10-16T14:15:00-04:00,9205,153.4,Lunch,4,Thu,Fri,14,278278,wisely
2025-10-10T08:49:55+00:00,2025-10-16T14:30:00-04:00,9220,153.7,Lunch,4,Thu,Fri,14,278278,wisely
2025-10-10T08:50:00+00:00,2025-10-16T14:45:00-04:00,9235,153.9,Lunch,2,Thu,Fri,14,278278,wisely
2025-10-10T08:50:00+00:00,2025-10-16T14:45:00-04:00,9235,153.9,Lunch,4,Thu,Fri,14,278278,wisely
2025-10-10T08:50:08+00:00,2025-10-17T11:30:00-04:00,10480,174.7,Lunch,2,Fri,Fri,11,278278,wisely
2025-10-10T08:50:08+00:00,2025-10-17T14:15:00-04:00,10645,177.4,Lunch,2,Fri,Fri,14,278278,wisely
2025-10-10T08:50:08+00:00,2025-10-17T14:45:00-04:00,10675,177.9,Lunch,2,Fri,Fri,14,278278,wisely
2025-10-10T08:50:08+00:00,2025-10-17T11:30:00-04:00,10480,174.7,Lunch,4,Fri,Fri,11,278278,wisely
2025-10-10T08:50:11+00:00,2025-10-17T15:15:00-04:00,10705,178.4,Lunch,2,Fri,Fri,15,278278,wisely
2025-10-10T09:36:07+00:00,2025-10-13T21:00:00-04:00,5244,87.4,Dinner,2,Mon,Fri,21,278278,wisely
2025-10-10T09:36:25+00:00,2025-10-14T14:00:00-04:00,6264,104.4,Lunch,2,Tue,Fri,14,278278,wisely
2025-10-10T09:36:25+00:00,2025-10-14T14:15:00-04:00,6279,104.6,Lunch,2,Tue,Fri,14,278278,wisely
2025-10-10T09:36:25+00:00,2025-10-14T14:30:00-04:00,6294,104.9,Lunch,2,Tue,Fri,14,278278,wisely
2025-10-10T09:36:25+00:00,2025-10-14T14:00:00-04:00,6264,104.4,Lunch,4,Tue,Fri,14,278278,wisely
2025-10-10T09:36:25+00:00,2025-10-14T14:15:00-04:00,6279,104.6,Lunch,4,Tue,Fri,14,278278,wisely
2025-10-10T09:36:25+00:00,2025-10-14T14:30:00-04:00,6294,104.9,Lunch,4,Tue,Fri,14,278278,wisely
2025-10-10T09:36:29+00:00,2025-10-14T14:45:00-04:00,6309,105.1,Lunch,2,Tue,Fri,14,278278,wisely
2025-10-10T09:36:29+00:00,2025-10-14T14:45:00-04:00,6309,105.1,Lunch,4,Tue,Fri,14,278278,wisely
2025-10-10T09:36:37+00:00,2025-10-15T13:45:00-04:00,7688,128.1,Lunch,2,Wed,Fri,13,278278,wisely
2025-10-10T09:36:37+00:00,2025-10-15T14:00:00-04:00,7703,128.4,Lunch,2,Wed,Fri,14,278278,wisely
2025-10-10T09:36:37+00:00,2025-10-15T14:15:00-04:00,7718,128.6,Lunch,2,Wed,Fri,14,278278,wisely
2025-10-10T09:36:37+00:00,2025-10-15T14:00:00-04:00,7703,128.4,Lunch,4,Wed,Fri,14,278278,wisely
2025-10-10T09:36:37+00:00,2025-10-15T14:15:00-04:00,7718,128.6,Lunch,4,Wed,Fri,14,278278,wisely
2025-10-10T09:36:37+00:00,2025-10-15T14:30:00-04:00,7733,128.9,Lunch,4,Wed,Fri,14,278278,wisely
2025-10-10T09:36:40+00:00,2025-10-15T14:30:00-04:00,7733,128.9,Lunch,2,Wed,Fri,14,278278,wisely
2025-10-10T09:36:41+00:00,2025-10-15T14:45:00-04:00,7748,129.1,Lunch,2,Wed,Fri,14,278278,wisely
2025-10-10T09:36:41+00:00,2025-10-15T14:45:00-04:00,7748,129.1,Lunch,4,Wed,Fri,14,278278,wisely
2025-10-10T09:36:48+00:00,2025-10-16T14:00:00-04:00,9143,152.4,Lunch,2,Thu,Fri,14,278278,wisely
2025-10-10T09:36:48+00:00,2025-10-16T14:15:00-04:00,9158,152.6,Lunch,2,Thu,Fri,14,278278,wisely
2025-10-10T09:36:48+00:00,2025-10-16T14:30:00-04:00,9173,152.9,Lunch,2,Thu,Fri,14,278278,wisely
2025-10-10T09:36:48+00:00,2025-10-16T14:00:00-04:00,9143,152.4,Lunch,4,Thu,Fri,14,278278,wisely
2025-10-10T09:36:48+00:00,2025-10-16T14:15:00-04:00,9158,152.6,Lunch,4,Thu,Fri,14,278278,wisely
2025-10-10T09:36:48+00:00,2025-10-16T14:30:00-04:00,9173,152.9,Lunch,4,Thu,Fri,14,278278,wisely
2025-10-10T09:36:52+00:00,2025-10-16T14:45:00-04:00,9188,153.1,Lunch,2,Thu,Fri,14,278278,wisely
2025-10-10T09:36:52+00:00,2025-10-16T14:45:00-04:00,9188,153.1,Lunch,4,Thu,Fri,14,278278,wisely
2025-10-10T09:36:59+00:00,2025-10-17T11:30:00-04:00,10433,173.9,Lunch,2,Fri,Fri,11,278278,wisely
2025-10-10T09:36:59+00:00,2025-10-17T14:15:00-04:00,10598,176.6,Lunch,2,Fri,Fri,14,278278,wisely
2025-10-10T09:36:59+00:00,2025-10-17T14:45:00-04:00,10628,177.1,Lunch,2,Fri,Fri,14,278278,wisely
2025-10-10T09:36:59+00:00,2025-10-17T11:30:00-04:00,10433,173.9,Lunch,4,Fri,Fri,11,278278,wisely
2025-10-10T09:37:01+00:00,2025-10-17T15:15:00-04:00,10658,177.6,Lunch,2,Fri,Fri,15,278278,wisely
2025-10-10T10:40:14+00:00,2025-10-13T21:00:00-04:00,5180,86.3,Dinner,2,Mon,Fri,21,278278,wisely
2025-10-10T10:40:47+00:00,2025-10-14T14:00:00-04:00,6199,103.3,Lunch,2,Tue,Fri,14,278278,wisely
2025-10-10T10:40:47+00:00,2025-10-14T14:15:00-04:00,6214,103.6,Lunch,2,Tue,Fri,14,278278,wisely
2025-10-10T10:40:47+00:00,2025-10-14T14:30:00-04:00,6229,103.8,Lunch,2,Tue,Fri,14,278278,wisely
2025-10-10T10:40:47+00:00,2025-10-14T14:00:00-04:00,6199,103.3,Lunch,4,Tue,Fri,14,278278,wisely
2025-10-10T10:40:47+00:00,2025-10-14T14:15:00-04:00,6214,103.6,Lunch,4,Tue,Fri,14,278278,wisely
2025-10-10T10:40:47+00:00,2025-10-14T14:30:00-04:00,6229,103.8,Lunch,4,Tue,Fri,14,278278,wisely
2025-10-10T10:40:54+00:00,2025-10-14T14:45:00-04:00,6244,104.1,Lunch,2,Tue,Fri,14,278278,wisely
2025-10-10T10:40:54+00:00,2025-10-14T14:45:00-04:00,6244,104.1,Lunch,4,Tue,Fri,14,278278,wisely
2025-10-10T10:41:06+00:00,2025-10-15T13:45:00-04:00,7624,127.1,Lunch,2,Wed,Fri,13,278278,wisely
2025-10-10T10:41:06+00:00,2025-10-15T14:00:00-04:00,7639,127.3,Lunch,2,Wed,Fri,14,278278,wisely
2025-10-10T10:41:06+00:00,2025-10-15T14:15:00-04:00,7654,127.6,Lunch,2,Wed,Fri,14,278278,wisely
2025-10-10T10:41:06+00:00,2025-10-15T14:00:00-04:00,7639,127.3,Lunch,4,Wed,Fri,14,278278,wisely
2025-10-10T10:41:06+00:00,2025-10-15T14:15:00-04:00,7654,127.6,Lunch,4,Wed,Fri,14,278278,wisely
2025-10-10T10:41:06+00:00,2025-10-15T14:30:00-04:00,7669,127.8,Lunch,4,Wed,Fri,14,278278,wisely
2025-10-10T10:41:12+00:00,2025-10-15T14:30:00-04:00,7669,127.8,Lunch,2,Wed,Fri,14,278278,wisely
2025-10-10T10:41:13+00:00,2025-10-15T14:45:00-04:00,7684,128.1,Lunch,2,Wed,Fri,14,278278,wisely
2025-10-10T10:41:13+00:00,2025-10-15T14:45:00-04:00,7684,128.1,Lunch,4,Wed,Fri,14,278278,wisely
2025-10-10T10:41:25+00:00,2025-10-16T14:00:00-04:00,9079,151.3,Lunch,2,Thu,Fri,14,278278,wisely
2025-10-10T10:41:25+00:00,2025-10-16T14:15:00-04:00,9094,151.6,Lunch,2,Thu,Fri,14,278278,wisely
2025-10-10T10:41:25+00:00,2025-10-16T14:30:00-04:00,9109,151.8,Lunch,2,Thu,Fri,14,278278,wisely
2025-10-10T10:41:25+00:00,2025-10-16T14:00:00-04:00,9079,151.3,Lunch,4,Thu,Fri,14,278278,wisely
2025-10-10T10:41:25+00:00,2025-10-16T14:15:00-04:00,9094,151.6,Lunch,4,Thu,Fri,14,278278,wisely
2025-10-10T10:41:25+00:00,2025-10-16T14:30:00-04:00,9109,151.8,Lunch,4,Thu,Fri,14,278278,wisely
2025-10-10T10:41:32+00:00,2025-10-16T14:45:00-04:00,9123,152.1,Lunch,2,Thu,Fri,14,278278,wisely
2025-10-10T10:41:32+00:00,2025-10-16T14:45:00-04:00,9123,152.1,Lunch,4,Thu,Fri,14,278278,wisely
2025-10-10T10:41:43+00:00,2025-10-17T11:30:00-04:00,10368,172.8,Lunch,2,Fri,Fri,11,278278,wisely
2025-10-10T10:41:43+00:00,2025-10-17T14:15:00-04:00,10533,175.6,Lunch,2,Fri,Fri,14,278278,wisely
2025-10-10T10:41:43+00:00,2025-10-17T14:45:00-04:00,10563,176.1,Lunch,2,Fri,Fri,14,278278,wisely
2025-10-10T10:41:44+00:00,2025-10-17T11:30:00-04:00,10368,172.8,Lunch,4,Fri,Fri,11,278278,wisely
2025-10-10T10:41:48+00:00,2025-10-17T15:15:00-04:00,10593,176.6,Lunch,2,Fri,Fri,15,278278,wisely
2025-10-10T11:28:30+00:00,2025-10-14T14:00:00-04:00,6151,102.5,Lunch,2,Tue,Fri,14,278278,wisely
2025-10-10T11:28:30+00:00,2025-10-14T14:15:00-04:00,6166,102.8,Lunch,2,Tue,Fri,14,278278,wisely
2025-10-10T11:28:30+00:00,2025-10-14T14:30:00-04:00,6181,103.0,Lunch,2,Tue,Fri,14,278278,wisely
2025-10-10T11:28:30+00:00,2025-10-14T14:00:00-04:00,6151,102.5,Lunch,4,Tue,Fri,14,278278,wisely
2025-10-10T11:28:30+00:00,2025-10-14T14:15:00-04:00,6166,102.8,Lunch,4,Tue,Fri,14,278278,wisely
2025-10-10T11:28:30+00:00,2025-10-14T14:30:00-04:00,6181,103.0,Lunch,4,Tue,Fri,14,278278,wisely
2025-10-10T11:28:36+00:00,2025-10-14T14:45:00-04:00,6196,103.3,Lunch,2,Tue,Fri,14,278278,wisely
2025-10-10T11:28:36+00:00,2025-10-14T14:45:00-04:00,6196,103.3,Lunch,4,Tue,Fri,14,278278,wisely
2025-10-10T11:28:47+00:00,2025-10-15T13:45:00-04:00,7576,126.3,Lunch,2,Wed,Fri,13,278278,wisely
2025-10-10T11:28:47+00:00,2025-10-15T14:00:00-04:00,7591,126.5,Lunch,2,Wed,Fri,14,278278,wisely
2025-10-10T11:28:47+00:00,2025-10-15T14:15:00-04:00,7606,126.8,Lunch,2,Wed,Fri,14,278278,wisely
2025-10-10T11:28:47+00:00,2025-10-15T14:00:00-04:00,7591,126.5,Lunch,4,Wed,Fri,14,278278,wisely
2025-10-10T11:28:47+00:00,2025-10-15T14:15:00-04:00,7606,126.8,Lunch,4,Wed,Fri,14,278278,wisely
2025-10-10T11:28:47+00:00,2025-10-15T14:30:00-04:00,7621,127.0,Lunch,4,Wed,Fri,14,278278,wisely
2025-10-10T11:28:53+00:00,2025-10-15T14:30:00-04:00,7621,127.0,Lunch,2,Wed,Fri,14,278278,wisely
2025-10-10T11:28:53+00:00,2025-10-15T14:45:00-04:00,7636,127.3,Lunch,2,Wed,Fri,14,278278,wisely
2025-10-10T11:28:53+00:00,2025-10-15T14:45:00-04:00,7636,127.3,Lunch,4,Wed,Fri,14,278278,wisely
2025-10-10T11:29:05+00:00,2025-10-16T14:00:00-04:00,9031,150.5,Lunch,2,Thu,Fri,14,278278,wisely
2025-10-10T11:29:05+00:00,2025-10-16T14:15:00-04:00,9046,150.8,Lunch,2,Thu,Fri,14,278278,wisely
2025-10-10T11:29:05+00:00,2025-10-16T14:30:00-04:00,9061,151.0,Lunch,2,Thu,Fri,14,278278,wisely
2025-10-10T11:29:05+00:00,2025-10-16T14:00:00-04:00,9031,150.5,Lunch,4,Thu,Fri,14,278278,wisely
2025-10-10T11:29:05+00:00,2025-10-16T14:15:00-04:00,9046,150.8,Lunch,4,Thu,Fri,14,278278,wisely
2025-10-10T11:29:05+00:00,2025-10-16T14:30:00-04:00,9061,151.0,Lunch,4,Thu,Fri,14,278278,wisely
2025-10-10T11:29:11+00:00,2025-10-16T14:45:00-04:00,9076,151.3,Lunch,2,Thu,Fri,14,278278,wisely
2025-10-10T11:29:12+00:00,2025-10-16T14:45:00-04:00,9076,151.3,Lunch,4,Thu,Fri,14,278278,wisely
2025-10-10T11:29:22+00:00,2025-10-17T11:30:00-04:00,10321,172.0,Lunch,2,Fri,Fri,11,278278,wisely
2025-10-10T11:29:22+00:00,2025-10-17T14:15:00-04:00,10486,174.8,Lunch,2,Fri,Fri,14,278278,wisely
2025-10-10T11:29:22+00:00,2025-10-17T14:45:00-04:00,10516,175.3,Lunch,2,Fri,Fri,14,278278,wisely
2025-10-10T11:29:22+00:00,2025-10-17T11:30:00-04:00,10321,172.0,Lunch,4,Fri,Fri,11,278278,wisely
2025-10-10T11:29:26+00:00,2025-10-17T15:15:00-04:00,10546,175.8,Lunch,2,Fri,Fri,15,278278,wisely
2025-10-10T11:40:50+00:00,2025-10-10T11:30:00-04:00,229,3.8,Lunch,2,Fri,Fri,11,278278,wisely
2025-10-10T11:40:51+00:00,2025-10-10T11:30:00-04:00,229,3.8,Lunch,4,Fri,Fri,11,278278,wisely
2025-10-10T12:32:26+00:00,2025-10-10T12:00:00-04:00,208,3.5,Lunch,2,Fri,Fri,12,278278,wisely
2025-10-10T12:32:27+00:00,2025-10-10T12:00:00-04:00,208,3.5,Lunch,4,Fri,Fri,12,278278,wisely
2025-10-10T12:32:45+00:00,2025-10-11T12:30:00-04:00,1677,28.0,Lunch,2,Sat,Fri,12,278278,wisely
2025-10-10T12:32:45+00:00,2025-10-11T12:30:00-04:00,1677,28.0,Lunch,4,Sat,Fri,12,278278,wisely
2025-10-10T12:33:40+00:00,2025-10-14T14:00:00-04:00,6086,101.4,Lunch,2,Tue,Fri,14,278278,wisely
2025-10-10T12:33:40+00:00,2025-10-14T14:15:00-04:00,6101,101.7,Lunch,2,Tue,Fri,14,278278,wisely
2025-10-10T12:33:40+00:00,2025-10-14T14:30:00-04:00,6116,101.9,Lunch,2,Tue,Fri,14,278278,wisely
2025-10-10T12:33:40+00:00,2025-10-14T14:00:00-04:00,6086,101.4,Lunch,4,Tue,Fri,14,278278,wisely
2025-10-10T12:33:40+00:00,2025-10-14T14:15:00-04:00,6101,101.7,Lunch,4,Tue,Fri,14,278278,wisely
2025-10-10T12:33:40+00:00,2025-10-14T14:30:00-04:00,6116,101.9,Lunch,4,Tue,Fri,14,278278,wisely
2025-10-10T12:33:46+00:00,2025-10-14T14:45:00-04:00,6131,102.2,Lunch,2,Tue,Fri,14,278278,wisely
2025-10-10T12:33:47+00:00,2025-10-14T14:45:00-04:00,6131,102.2,Lunch,4,Tue,Fri,14,278278,wisely
2025-10-10T12:33:57+00:00,2025-10-15T13:45:00-04:00,7511,125.2,Lunch,2,Wed,Fri,13,278278,wisely
2025-10-10T12:33:57+00:00,2025-10-15T14:00:00-04:00,7526,125.4,Lunch,2,Wed,Fri,14,278278,wisely
2025-10-10T12:33:57+00:00,2025-10-15T14:15:00-04:00,7541,125.7,Lunch,2,Wed,Fri,14,278278,wisely
2025-10-10T12:33:58+00:00,2025-10-15T14:00:00-04:00,7526,125.4,Lunch,4,Wed,Fri,14,278278,wisely
2025-10-10T12:33:58+00:00,2025-10-15T14:15:00-04:00,7541,125.7,Lunch,4,Wed,Fri,14,278278,wisely
2025-10-10T12:33:58+00:00,2025-10-15T14:30:00-04:00,7556,125.9,Lunch,4,Wed,Fri,14,278278,wisely
2025-10-10T12:34:04+00:00,2025-10-15T14:30:00-04:00,7556,125.9,Lunch,2,Wed,Fri,14,278278,wisely
2025-10-10T12:34:04+00:00,2025-10-15T14:45:00-04:00,7571,126.2,Lunch,2,Wed,Fri,14,278278,wisely
2025-10-10T12:34:05+00:00,2025-10-15T14:45:00-04:00,7571,126.2,Lunch,4,Wed,Fri,14,278278,wisely
2025-10-10T12:34:16+00:00,2025-10-16T14:00:00-04:00,8966,149.4,Lunch,2,Thu,Fri,14,278278,wisely
2025-10-10T12:34:16+00:00,2025-10-16T14:15:00-04:00,8981,149.7,Lunch,2,Thu,Fri,14,278278,wisely
2025-10-10T12:34:16+00:00,2025-10-16T14:30:00-04:00,8996,149.9,Lunch,2,Thu,Fri,14,278278,wisely
2025-10-10T12:34:16+00:00,2025-10-16T14:00:00-04:00,8966,149.4,Lunch,4,Thu,Fri,14,278278,wisely
2025-10-10T12:34:16+00:00,2025-10-16T14:15:00-04:00,8981,149.7,Lunch,4,Thu,Fri,14,278278,wisely
2025-10-10T12:34:16+00:00,2025-10-16T14:30:00-04:00,8996,149.9,Lunch,4,Thu,Fri,14,278278,wisely
2025-10-10T12:34:24+00:00,2025-10-16T14:45:00-04:00,9011,150.2,Lunch,2,Thu,Fri,14,278278,wisely
2025-10-10T12:34:24+00:00,2025-10-16T14:45:00-04:00,9011,150.2,Lunch,4,Thu,Fri,14,278278,wisely
2025-10-10T12:34:36+00:00,2025-10-17T11:30:00-04:00,10255,170.9,Lunch,2,Fri,Fri,11,278278,wisely
2025-10-10T12:34:36+00:00,2025-10-17T14:15:00-04:00,10420,173.7,Lunch,2,Fri,Fri,14,278278,wisely
2025-10-10T12:34:36+00:00,2025-10-17T14:45:00-04:00,10450,174.2,Lunch,2,Fri,Fri,14,278278,wisely
2025-10-10T12:34:36+00:00,2025-10-17T11:30:00-04:00,10255,170.9,Lunch,4,Fri,Fri,11,278278,wisely
2025-10-10T12:34:41+00:00,2025-10-17T15:15:00-04:00,10480,174.7,Lunch,2,Fri,Fri,15,278278,wisely
2025-10-10T13:37:13+00:00,2025-10-10T12:00:00-04:00,143,2.4,Lunch,2,Fri,Fri,12,278278,wisely
2025-10-10T13:37:13+00:00,2025-10-10T12:15:00-04:00,158,2.6,Lunch,2,Fri,Fri,12,278278,wisely
2025-10-10T13:37:14+00:00,2025-10-10T12:00:00-04:00,143,2.4,Lunch,4,Fri,Fri,12,278278,wisely
2025-10-10T13:37:14+00:00,2025-10-10T12:15:00-04:00,158,2.6,Lunch,4,Fri,Fri,12,278278,wisely
2025-10-10T13:38:32+00:00,2025-10-14T14:00:00-04:00,6021,100.4,Lunch,2,Tue,Fri,14,278278,wisely
2025-10-10T13:38:32+00:00,2025-10-14T14:15:00-04:00,6036,100.6,Lunch,2,Tue,Fri,14,278278,wisely
2025-10-10T13:38:32+00:00,2025-10-14T14:30:00-04:00,6051,100.9,Lunch,2,Tue,Fri,14,278278,wisely
2025-10-10T13:38:32+00:00,2025-10-14T14:00:00-04:00,6021,100.4,Lunch,4,Tue,Fri,14,278278,wisely
2025-10-10T13:38:32+00:00,2025-10-14T14:15:00-04:00,6036,100.6,Lunch,4,Tue,Fri,14,278278,wisely
2025-10-10T13:38:32+00:00,2025-10-14T14:30:00-04:00,6051,100.9,Lunch,4,Tue,Fri,14,278278,wisely
2025-10-10T13:38:39+00:00,2025-10-14T14:45:00-04:00,6066,101.1,Lunch,2,Tue,Fri,14,278278,wisely
2025-10-10T13:38:40+00:00,2025-10-14T14:45:00-04:00,6066,101.1,Lunch,4,Tue,Fri,14,278278,wisely
2025-10-10T13:38:51+00:00,2025-10-15T13:45:00-04:00,7446,124.1,Lunch,2,Wed,Fri,13,278278,wisely
2025-10-10T13:38:51+00:00,2025-10-15T14:00:00-04:00,7461,124.4,Lunch,2,Wed,Fri,14,278278,wisely
2025-10-10T13:38:51+00:00,2025-10-15T14:15:00-04:00,7476,124.6,Lunch,2,Wed,Fri,14,278278,wisely
2025-10-10T13:38:52+00:00,2025-10-15T14:00:00-04:00,7461,124.4,Lunch,4,Wed,Fri,14,278278,wisely
2025-10-10T13:38:52+00:00,2025-10-15T14:15:00-04:00,7476,124.6,Lunch,4,Wed,Fri,14,278278,wisely
2025-10-10T13:38:52+00:00,2025-10-15T14:30:00-04:00,7491,124.9,Lunch,4,Wed,Fri,14,278278,wisely
2025-10-10T13:38:58+00:00,2025-10-15T14:30:00-04:00,7491,124.9,Lunch,2,Wed,Fri,14,278278,wisely
2025-10-10T13:38:59+00:00,2025-10-15T14:45:00-04:00,7506,125.1,Lunch,2,Wed,Fri,14,278278,wisely
2025-10-10T13:38:59+00:00,2025-10-15T14:45:00-04:00,7506,125.1,Lunch,4,Wed,Fri,14,278278,wisely
2025-10-10T13:39:11+00:00,2025-10-16T14:00:00-04:00,8901,148.3,Lunch,2,Thu,Fri,14,278278,wisely
2025-10-10T13:39:11+00:00,2025-10-16T14:15:00-04:00,8916,148.6,Lunch,2,Thu,Fri,14,278278,wisely
2025-10-10T13:39:11+00:00,2025-10-16T14:30:00-04:00,8931,148.8,Lunch,2,Thu,Fri,14,278278,wisely
2025-10-10T13:39:12+00:00,2025-10-16T14:00:00-04:00,8901,148.3,Lunch,4,Thu,Fri,14,278278,wisely
2025-10-10T13:39:12+00:00,2025-10-16T14:15:00-04:00,8916,148.6,Lunch,4,Thu,Fri,14,278278,wisely
2025-10-10T13:39:12+00:00,2025-10-16T14:30:00-04:00,8931,148.8,Lunch,4,Thu,Fri,14,278278,wisely
2025-10-10T13:39:19+00:00,2025-10-16T14:45:00-04:00,8946,149.1,Lunch,2,Thu,Fri,14,278278,wisely
2025-10-10T13:39:19+00:00,2025-10-16T14:45:00-04:00,8946,149.1,Lunch,4,Thu,Fri,14,278278,wisely
2025-10-10T13:39:30+00:00,2025-10-17T11:30:00-04:00,10190,169.8,Lunch,2,Fri,Fri,11,278278,wisely
2025-10-10T13:39:30+00:00,2025-10-17T14:15:00-04:00,10355,172.6,Lunch,2,Fri,Fri,14,278278,wisely
2025-10-10T13:39:30+00:00,2025-10-17T14:45:00-04:00,10385,173.1,Lunch,2,Fri,Fri,14,278278,wisely
2025-10-10T13:39:31+00:00,2025-10-17T11:30:00-04:00,10190,169.8,Lunch,4,Fri,Fri,11,278278,wisely
2025-10-10T13:39:35+00:00,2025-10-17T15:15:00-04:00,10415,173.6,Lunch,2,Fri,Fri,15,278278,wisely
2025-10-10T13:50:56+00:00,2025-10-10T15:15:00-04:00,324,5.4,Lunch,2,Fri,Fri,15,278278,wisely
2025-10-10T13:50:56+00:00,2025-10-10T15:15:00-04:00,324,5.4,Lunch,4,Fri,Fri,15,278278,wisely
2025-10-10T13:53:08+00:00,2025-10-17T15:00:00-04:00,10387,173.1,Lunch,4,Fri,Fri,15,278278,wisely
2025-10-10T13:53:14+00:00,2025-10-17T15:00:00-04:00,10387,173.1,Lunch,2,Fri,Fri,15,278278,wisely
2025-10-10T14:12:13+00:00,2025-10-10T11:30:00-04:00,78,1.3,Lunch,2,Fri,Fri,11,278278,wisely
2025-10-10T14:12:13+00:00,2025-10-10T11:30:00-04:00,78,1.3,Lunch,4,Fri,Fri,11,278278,wisely
2025-10-10T14:39:02+00:00,2025-10-10T13:15:00-04:00,156,2.6,Lunch,2,Fri,Fri,13,278278,wisely
2025-10-10T14:39:02+00:00,2025-10-10T13:15:00-04:00,156,2.6,Lunch,4,Fri,Fri,13,278278,wisely
2025-10-10T14:40:18+00:00,2025-10-14T14:15:00-04:00,5975,99.6,Lunch,2,Tue,Fri,14,278278,wisely
2025-10-10T14:40:18+00:00,2025-10-14T14:30:00-04:00,5990,99.8,Lunch,2,Tue,Fri,14,278278,wisely
2025-10-10T14:40:18+00:00,2025-10-14T14:45:00-04:00,6005,100.1,Lunch,2,Tue,Fri,14,278278,wisely
2025-10-10T14:40:19+00:00,2025-10-14T14:15:00-04:00,5975,99.6,Lunch,4,Tue,Fri,14,278278,wisely
2025-10-10T14:40:19+00:00,2025-10-14T14:30:00-04:00,5990,99.8,Lunch,4,Tue,Fri,14,278278,wisely
2025-10-10T14:40:19+00:00,2025-10-14T14:45:00-04:00,6005,100.1,Lunch,4,Tue,Fri,14,278278,wisely
2025-10-10T14:40:40+00:00,2025-10-15T13:45:00-04:00,7384,123.1,Lunch,2,Wed,Fri,13,278278,wisely
2025-10-10T14:40:40+00:00,2025-10-15T14:00:00-04:00,7399,123.3,Lunch,2,Wed,Fri,14,278278,wisely
2025-10-10T14:40:40+00:00,2025-10-15T14:15:00-04:00,7414,123.6,Lunch,2,Wed,Fri,14,278278,wisely
2025-10-10T14:40:40+00:00,2025-10-15T14:00:00-04:00,7399,123.3,Lunch,4,Wed,Fri,14,278278,wisely
2025-10-10T14:40:40+00:00,2025-10-15T14:15:00-04:00,7414,123.6,Lunch,4,Wed,Fri,14,278278,wisely
2025-10-10T14:40:40+00:00,2025-10-15T14:30:00-04:00,7429,123.8,Lunch,4,Wed,Fri,14,278278,wisely
2025-10-10T14:40:46+00:00,2025-10-15T14:30:00-04:00,7429,123.8,Lunch,2,Wed,Fri,14,278278,wisely
2025-10-10T14:40:46+00:00,2025-10-15T14:45:00-04:00,7444,124.1,Lunch,2,Wed,Fri,14,278278,wisely
2025-10-10T14:40:46+00:00,2025-10-15T14:45:00-04:00,7444,124.1,Lunch,4,Wed,Fri,14,278278,wisely
2025-10-10T14:40:59+00:00,2025-10-16T14:00:00-04:00,8839,147.3,Lunch,2,Thu,Fri,14,278278,wisely
2025-10-10T14:40:59+00:00,2025-10-16T14:15:00-04:00,8854,147.6,Lunch,2,Thu,Fri,14,278278,wisely
2025-10-10T14:40:59+00:00,2025-10-16T14:30:00-04:00,8869,147.8,Lunch,2,Thu,Fri,14,278278,wisely
2025-10-10T14:40:59+00:00,2025-10-16T14:00:00-04:00,8839,147.3,Lunch,4,Thu,Fri,14,278278,wisely
2025-10-10T14:40:59+00:00,2025-10-16T14:15:00-04:00,8854,147.6,Lunch,4,Thu,Fri,14,278278,wisely
2025-10-10T14:40:59+00:00,2025-10-16T14:30:00-04:00,8869,147.8,Lunch,4,Thu,Fri,14,278278,wisely
2025-10-10T14:41:06+00:00,2025-10-16T14:45:00-04:00,8884,148.1,Lunch,2,Thu,Fri,14,278278,wisely
2025-10-10T14:41:06+00:00,2025-10-16T14:45:00-04:00,8884,148.1,Lunch,4,Thu,Fri,14,278278,wisely
2025-10-10T14:41:17+00:00,2025-10-17T11:30:00-04:00,10129,168.8,Lunch,2,Fri,Fri,11,278278,wisely
2025-10-10T14:41:17+00:00,2025-10-17T14:15:00-04:00,10294,171.6,Lunch,2,Fri,Fri,14,278278,wisely
2025-10-10T14:41:17+00:00,2025-10-17T14:45:00-04:00,10324,172.1,Lunch,2,Fri,Fri,14,278278,wisely
2025-10-10T14:41:17+00:00,2025-10-17T11:30:00-04:00,10129,168.8,Lunch,4,Fri,Fri,11,278278,wisely
2025-10-10T14:41:22+00:00,2025-10-17T15:15:00-04:00,10354,172.6,Lunch,2,Fri,Fri,15,278278,wisely
2025-10-10T15:35:16+00:00,2025-10-14T14:15:00-04:00,5920,98.7,Lunch,2,Tue,Fri,14,278278,wisely
2025-10-10T15:35:16+00:00,2025-10-14T14:30:00-04:00,5935,98.9,Lunch,2,Tue,Fri,14,278278,wisely
2025-10-10T15:35:16+00:00,2025-10-14T14:45:00-04:00,5950,99.2,Lunch,2,Tue,Fri,14,278278,wisely
2025-10-10T15:35:16+00:00,2025-10-14T14:15:00-04:00,5920,98.7,Lunch,4,Tue,Fri,14,278278,wisely
2025-10-10T15:35:16+00:00,2025-10-14T14:30:00-04:00,5935,98.9,Lunch,4,Tue,Fri,14,278278,wisely
2025-10-10T15:35:16+00:00,2025-10-14T14:45:00-04:00,5950,99.2,Lunch,4,Tue,Fri,14,278278,wisely
2025-10-10T15:35:38+00:00,2025-10-15T13:45:00-04:00,7329,122.2,Lunch,2,Wed,Fri,13,278278,wisely
2025-10-10T15:35:38+00:00,2025-10-15T14:00:00-04:00,7344,122.4,Lunch,2,Wed,Fri,14,278278,wisely
2025-10-10T15:35:38+00:00,2025-10-15T14:15:00-04:00,7359,122.7,Lunch,2,Wed,Fri,14,278278,wisely
2025-10-10T15:35:38+00:00,2025-10-15T14:00:00-04:00,7344,122.4,Lunch,4,Wed,Fri,14,278278,wisely
2025-10-10T15:35:38+00:00,2025-10-15T14:15:00-04:00,7359,122.7,Lunch,4,Wed,Fri,14,278278,wisely
2025-10-10T15:35:38+00:00,2025-10-15T14:30:00-04:00,7374,122.9,Lunch,4,Wed,Fri,14,278278,wisely
2025-10-10T15:35:40+00:00,2025-10-15T14:30:00-04:00,7374,122.9,Lunch,2,Wed,Fri,14,278278,wisely
2025-10-10T15:35:45+00:00,2025-10-15T14:45:00-04:00,7389,123.2,Lunch,2,Wed,Fri,14,278278,wisely
2025-10-10T15:35:45+00:00,2025-10-15T14:45:00-04:00,7389,123.2,Lunch,4,Wed,Fri,14,278278,wisely
2025-10-10T15:35:59+00:00,2025-10-16T14:00:00-04:00,8784,146.4,Lunch,2,Thu,Fri,14,278278,wisely
2025-10-10T15:35:59+00:00,2025-10-16T14:15:00-04:00,8799,146.7,Lunch,2,Thu,Fri,14,278278,wisely
2025-10-10T15:35:59+00:00,2025-10-16T14:30:00-04:00,8814,146.9,Lunch,2,Thu,Fri,14,278278,wisely
2025-10-10T15:35:59+00:00,2025-10-16T14:00:00-04:00,8784,146.4,Lunch,4,Thu,Fri,14,278278,wisely
2025-10-10T15:35:59+00:00,2025-10-16T14:15:00-04:00,8799,146.7,Lunch,4,Thu,Fri,14,278278,wisely
2025-10-10T15:35:59+00:00,2025-10-16T14:30:00-04:00,8814,146.9,Lunch,4,Thu,Fri,14,278278,wisely
2025-10-10T15:36:06+00:00,2025-10-16T14:45:00-04:00,8829,147.1,Lunch,2,Thu,Fri,14,278278,wisely
2025-10-10T15:36:06+00:00,2025-10-16T14:45:00-04:00,8829,147.1,Lunch,4,Thu,Fri,14,278278,wisely
2025-10-10T15:36:19+00:00,2025-10-17T11:30:00-04:00,10074,167.9,Lunch,2,Fri,Fri,11,278278,wisely
2025-10-10T15:36:19+00:00,2025-10-17T14:15:00-04:00,10239,170.6,Lunch,2,Fri,Fri,14,278278,wisely
2025-10-10T15:36:19+00:00,2025-10-17T14:45:00-04:00,10269,171.1,Lunch,2,Fri,Fri,14,278278,wisely
2025-10-10T15:36:19+00:00,2025-10-17T11:30:00-04:00,10074,167.9,Lunch,4,Fri,Fri,11,278278,wisely
2025-10-10T15:36:25+00:00,2025-10-17T15:15:00-04:00,10299,171.6,Lunch,2,Fri,Fri,15,278278,wisely
