seen_at_iso,slot_at_iso,lead_minutes,lead_hours,service,party_size,weekday_slot,weekday_seen,hour_slot,merchant_id,source
2026-08-30T05:32:09+00:00,2026-09-01T15:30:00+00:00,3478,58.0,Lunch,2,Tue,Sun,11,278278,wisely
2026-08-30T05:32:10+00:00,2026-09-01T15:30:00+00:00,3478,58.0,Lunch,4,Tue,Sun,11,278278,wisely
2026-08-30T05:32:09+00:00,2026-09-01T15:45:00+00:00,3493,58.2,Lunch,2,Tue,Sun,11,278278,wisely
2026-08-30T05:32:10+00:00,2026-09-01T15:45:00+00:00,3493,58.2,Lunch,4,Tue,Sun,11,278278,wisely
2026-08-30T18:30:56+00:00,2026-09-01T16:30:00+00:00,2759,46.0,Lunch,2,Tue,Sun,12,278278,wisely
2026-08-30T18:30:57+00:00,2026-09-01T16:30:00+00:00,2759,46.0,Lunch,4,Tue,Sun,12,278278,wisely
2026-08-31T20:59:29+00:00,2026-09-01T16:45:00+00:00,1186,19.8,Lunch,2,Tue,Mon,12,278278,wisely
2026-09-01T00:28:38+00:00,2026-09-01T17:00:00+00:00,991,16.5,Lunch,2,Tue,Mon,13,278278,wisely
2026-09-01T00:28:39+00:00,2026-09-01T17:00:00+00:00,991,16.5,Lunch,4,Tue,Mon,13,278278,wisely
2026-08-30T05:32:10+00:00,2026-09-01T17:15:00+00:00,3583,59.7,Lunch,2,Tue,Sun,13,278278,wisely
2026-08-30T05:32:11+00:00,2026-09-01T17:15:00+00:00,3583,59.7,Lunch,4,Tue,Sun,13,278278,wisely
2026-08-30T05:32:14+00:00,2026-09-01T17:30:00+00:00,3598,60.0,Lunch,2,Tue,Sun,13,278278,wisely
2026-08-30T05:32:15+00:00,2026-09-01T17:45:00+00:00,3613,60.2,Lunch,2,Tue,Sun,13,278278,wisely
2026-08-30T05:32:14+00:00,2026-09-01T17:45:00+00:00,3613,60.2,Lunch,4,Tue,Sun,13,278278,wisely
2026-08-30T05:32:18+00:00,2026-09-01T18:00:00+00:00,3628,60.5,Lunch,2,Tue,Sun,14,278278,wisely
2026-08-30T05:32:16+00:00,2026-09-01T18:00:00+00:00,3628,60.5,Lunch,4,Tue,Sun,14,278278,wisely
2026-08-30T05:32:18+00:00,2026-09-01T18:15:00+00:00,3643,60.7,Lunch,2,Tue,Sun,14,278278,wisely
2026-08-30T05:32:19+00:00,2026-09-01T18:15:00+00:00,3643,60.7,Lunch,4,Tue,Sun,14,278278,wisely
2026-08-31T23:39:56+00:00,2026-09-01T18:30:00+00:00,1130,18.8,Lunch,4,Tue,Mon,14,278278,wisely
2026-09-01T18:16:44+00:00,2026-09-01T18:45:00+00:00,28,0.5,Lunch,2,Tue,Tue,14,278278,wisely
2026-09-01T18:16:46+00:00,2026-09-01T18:45:00+00:00,28,0.5,Lunch,4,Tue,Tue,14,278278,wisely
2026-09-01T18:16:45+00:00,2026-09-01T19:00:00+00:00,43,0.7,Lunch,2,Tue,Tue,15,278278,wisely
2026-09-01T18:16:47+00:00,2026-09-01T19:00:00+00:00,43,0.7,Lunch,4,Tue,Tue,15,278278,wisely
2026-09-01T18:16:45+00:00,2026-09-01T19:15:00+00:00,58,1.0,Lunch,2,Tue,Tue,15,278278,wisely
2026-09-01T18:16:48+00:00,2026-09-01T19:15:00+00:00,58,1.0,Lunch,4,Tue,Tue,15,278278,wisely
2026-08-29T07:24:11+00:00,2026-09-01T20:30:00+00:00,5106,85.1,Dinner,2,Tue,Sat,16,278278,wisely
2026-08-29T07:24:12+00:00,2026-09-01T20:30:00+00:00,5106,85.1,Dinner,4,Tue,Sat,16,278278,wisely
2026-08-31T15:26:43+00:00,2026-09-01T20:45:00+00:00,1758,29.3,Dinner,2,Tue,Mon,16,278278,wisely
2026-08-31T23:39:17+00:00,2026-09-01T21:00:00+00:00,1281,21.3,Dinner,2,Tue,Mon,17,278278,wisely
2026-08-30T14:59:25+00:00,2026-09-01T23:30:00+00:00,3391,56.5,Dinner,2,Tue,Sun,19,278278,wisely
2026-08-31T00:48:02+00:00,2026-09-02T00:15:00+00:00,2847,47.4,Dinner,2,Tue,Sun,20,278278,wisely
2026-08-31T15:26:43+00:00,2026-09-02T00:30:00+00:00,1983,33.1,Dinner,2,Tue,Mon,20,278278,wisely
2026-08-31T15:26:44+00:00,2026-09-02T00:30:00+00:00,1983,33.1,Dinner,4,Tue,Mon,20,278278,wisely
2026-08-29T22:02:39+00:00,2026-09-02T00:45:00+00:00,4482,74.7,Dinner,2,Tue,Sat,20,278278,wisely
2026-09-01T14:59:07+00:00,2026-09-02T01:00:00+00:00,601,10.0,Dinner,2,Tue,Tue,21,278278,wisely
2026-09-01T14:59:08+00:00,2026-09-02T01:00:00+00:00,601,10.0,Dinner,4,Tue,Tue,21,278278,wisely
2026-08-29T07:24:12+00:00,2026-09-02T01:15:00+00:00,5391,89.8,Dinner,2,Tue,Sat,21,278278,wisely
2026-08-29T07:24:13+00:00,2026-09-02T01:15:00+00:00,5391,89.8,Dinner,4,Tue,Sat,21,278278,wisely
2026-08-29T07:24:12+00:00,2026-09-02T01:30:00+00:00,5406,90.1,Dinner,2,Tue,Sat,21,278278,wisely
2026-08-29T07:24:13+00:00,2026-09-02T01:30:00+00:00,5406,90.1,Dinner,4,Tue,Sat,21,278278,wisely
2026-08-29T07:24:17+00:00,2026-09-02T01:45:00+00:00,5421,90.3,Dinner,2,Tue,Sat,21,278278,wisely
2026-08-29T07:24:18+00:00,2026-09-02T01:45:00+00:00,5421,90.3,Dinner,4,Tue,Sat,21,278278,wisely
2026-08-31T07:38:51+00:00,2026-09-02T15:30:00+00:00,3351,55.9,Lunch,2,Wed,Mon,11,278278,wisely
2026-08-31T07:38:53+00:00,2026-09-02T15:30:00+00:00,3351,55.9,Lunch,4,Wed,Mon,11,278278,wisely
2026-08-31T07:38:52+00:00,2026-09-02T15:45:00+00:00,3366,56.1,Lunch,2,Wed,Mon,11,278278,wisely
2026-08-31T07:38:53+00:00,2026-09-02T15:45:00+00:00,3366,56.1,Lunch,4,Wed,Mon,11,278278,wisely
2026-09-01T21:08:08+00:00,2026-09-02T16:00:00+00:00,1132,18.9,Lunch,2,Wed,Tue,12,278278,wisely
2026-09-01T21:08:09+00:00,2026-09-02T16:00:00+00:00,1132,18.9,Lunch,4,Wed,Tue,12,278278,wisely
2026-09-02T14:11:50+00:00,2026-09-02T17:00:00+00:00,168,2.8,Dinner,2,Wed,Wed,13,278278,wisely
2026-09-01T15:00:02+00:00,2026-09-02T17:00:00+00:00,1560,26.0,Lunch,2,Wed,Tue,13,278278,wisely
2026-09-01T15:00:04+00:00,2026-09-02T17:00:00+00:00,1560,26.0,Lunch,4,Wed,Tue,13,278278,wisely
2026-08-31T07:38:52+00:00,2026-09-02T17:15:00+00:00,3456,57.6,Lunch,2,Wed,Mon,13,278278,wisely
2026-09-02T14:12:05+00:00,2026-09-02T17:15:00+00:00,183,3.0,Lunch,4,Wed,Wed,13,278278,wisely
2026-09-02T14:11:51+00:00,2026-09-02T17:30:00+00:00,198,3.3,Dinner,2,Wed,Wed,13,278278,wisely
2026-08-31T07:38:56+00:00,2026-09-02T17:45:00+00:00,3486,58.1,Lunch,2,Wed,Mon,13,278278,wisely
2026-09-01T21:08:09+00:00,2026-09-02T17:45:00+00:00,1237,20.6,Lunch,4,Wed,Tue,13,278278,wisely
2026-09-02T14:11:51+00:00,2026-09-02T18:00:00+00:00,228,3.8,Dinner,2,Wed,Wed,14,278278,wisely
2026-08-31T07:38:56+00:00,2026-09-02T18:00:00+00:00,3501,58.4,Lunch,2,Wed,Mon,14,278278,wisely
2026-08-31T07:38:54+00:00,2026-09-02T18:00:00+00:00,3501,58.4,Lunch,4,Wed,Mon,14,278278,wisely
2026-08-31T07:38:59+00:00,2026-09-02T18:15:00+00:00,3516,58.6,Lunch,2,Wed,Mon,14,278278,wisely
2026-08-31T07:38:57+00:00,2026-09-02T18:15:00+00:00,3516,58.6,Lunch,4,Wed,Mon,14,278278,wisely
2026-08-31T23:40:31+00:00,2026-09-02T18:30:00+00:00,2569,42.8,Lunch,2,Wed,Mon,14,278278,wisely
2026-08-31T07:38:57+00:00,2026-09-02T18:30:00+00:00,3531,58.9,Lunch,4,Wed,Mon,14,278278,wisely
2026-09-01T22:26:22+00:00,2026-09-02T18:45:00+00:00,1219,20.3,Lunch,2,Wed,Tue,14,278278,wisely
2026-09-01T22:26:24+00:00,2026-09-02T18:45:00+00:00,1219,20.3,Lunch,4,Wed,Tue,14,278278,wisely
2026-09-02T17:55:55+00:00,2026-09-02T19:00:00+00:00,64,1.1,Lunch,2,Wed,Wed,15,278278,wisely
2026-09-02T14:12:19+00:00,2026-09-02T19:00:00+00:00,288,4.8,Lunch,4,Wed,Wed,15,278278,wisely
2026-09-02T17:55:55+00:00,2026-09-02T19:15:00+00:00,79,1.3,Lunch,2,Wed,Wed,15,278278,wisely
2026-09-02T17:55:56+00:00,2026-09-02T19:15:00+00:00,79,1.3,Lunch,4,Wed,Wed,15,278278,wisely
2026-08-30T23:45:18+00:00,2026-09-02T20:30:00+00:00,4125,68.7,Dinner,2,Wed,Sun,16,278278,wisely
2026-08-30T23:45:19+00:00,2026-09-02T20:30:00+00:00,4125,68.7,Dinner,4,Wed,Sun,16,278278,wisely
2026-09-02T01:04:16+00:00,2026-09-02T20:45:00+00:00,1181,19.7,Dinner,2,Wed,Tue,16,278278,wisely
2026-09-02T01:04:19+00:00,2026-09-02T20:45:00+00:00,1181,19.7,Dinner,4,Wed,Tue,16,278278,wisely
2026-09-01T14:59:47+00:00,2026-09-03T00:45:00+00:00,2025,33.8,Dinner,2,Wed,Tue,20,278278,wisely
2026-09-01T14:59:49+00:00,2026-09-03T00:45:00+00:00,2025,33.8,Dinner,4,Wed,Tue,20,278278,wisely
2026-08-30T05:32:20+00:00,2026-09-03T01:00:00+00:00,5488,91.5,Dinner,2,Wed,Sun,21,278278,wisely
2026-08-30T05:32:21+00:00,2026-09-03T01:00:00+00:00,5488,91.5,Dinner,4,Wed,Sun,21,278278,wisely
2026-08-30T05:32:20+00:00,2026-09-03T01:15:00+00:00,5503,91.7,Dinner,2,Wed,Sun,21,278278,wisely
2026-08-30T05:32:21+00:00,2026-09-03T01:15:00+00:00,5503,91.7,Dinner,4,Wed,Sun,21,278278,wisely
2026-08-30T05:32:20+00:00,2026-09-03T01:30:00+00:00,5518,92.0,Dinner,2,Wed,Sun,21,278278,wisely
2026-08-30T05:32:22+00:00,2026-09-03T01:30:00+00:00,5518,92.0,Dinner,4,Wed,Sun,21,278278,wisely
2026-08-30T05:32:31+00:00,2026-09-03T01:45:00+00:00,5532,92.2,Dinner,2,Wed,Sun,21,278278,wisely
2026-08-30T05:32:31+00:00,2026-09-03T01:45:00+00:00,5532,92.2,Dinner,4,Wed,Sun,21,278278,wisely
2026-09-01T05:30:01+00:00,2026-09-03T15:30:00+00:00,3480,58.0,Lunch,2,Thu,Tue,11,278278,wisely
2026-09-01T05:30:02+00:00,2026-09-03T15:30:00+00:00,3480,58.0,Lunch,4,Thu,Tue,11,278278,wisely
2026-09-01T05:30:01+00:00,2026-09-03T15:45:00+00:00,3495,58.2,Lunch,2,Thu,Tue,11,278278,wisely
2026-09-01T05:30:02+00:00,2026-09-03T15:45:00+00:00,3495,58.2,Lunch,4,Thu,Tue,11,278278,wisely
2026-09-01T05:30:01+00:00,2026-09-03T16:00:00+00:00,3510,58.5,Lunch,2,Thu,Tue,12,278278,wisely
2026-09-01T05:30:02+00:00,2026-09-03T16:00:00+00:00,3510,58.5,Lunch,4,Thu,Tue,12,278278,wisely
2026-09-01T18:17:44+00:00,2026-09-03T16:45:00+00:00,2787,46.5,Lunch,2,Thu,Tue,12,278278,wisely
2026-09-01T18:17:46+00:00,2026-09-03T16:45:00+00:00,2787,46.5,Lunch,4,Thu,Tue,12,278278,wisely
2026-09-01T05:30:04+00:00,2026-09-03T17:15:00+00:00,3585,59.7,Lunch,2,Thu,Tue,13,278278,wisely
2026-09-01T05:30:04+00:00,2026-09-03T17:15:00+00:00,3585,59.7,Lunch,4,Thu,Tue,13,278278,wisely
2026-09-01T05:30:05+00:00,2026-09-03T17:30:00+00:00,3600,60.0,Lunch,2,Thu,Tue,13,278278,wisely
2026-09-03T14:03:23+00:00,2026-09-03T17:30:00+00:00,207,3.4,Lunch,4,Thu,Thu,13,278278,wisely
2026-09-01T05:30:05+00:00,2026-09-03T17:45:00+00:00,3615,60.2,Lunch,2,Thu,Tue,13,278278,wisely
2026-09-01T05:30:06+00:00,2026-09-03T17:45:00+00:00,3615,60.2,Lunch,4,Thu,Tue,13,278278,wisely
2026-09-01T05:30:07+00:00,2026-09-03T18:00:00+00:00,3630,60.5,Lunch,2,Thu,Tue,14,278278,wisely
2026-09-01T05:30:06+00:00,2026-09-03T18:00:00+00:00,3630,60.5,Lunch,4,Thu,Tue,14,278278,wisely
2026-09-01T05:30:08+00:00,2026-09-03T18:15:00+00:00,3645,60.7,Lunch,2,Thu,Tue,14,278278,wisely
2026-09-01T05:30:08+00:00,2026-09-03T18:15:00+00:00,3645,60.7,Lunch,4,Thu,Tue,14,278278,wisely
2026-09-03T00:32:04+00:00,2026-09-03T18:30:00+00:00,1078,18.0,Lunch,2,Thu,Wed,14,278278,wisely
2026-09-01T21:09:07+00:00,2026-09-03T18:30:00+00:00,2721,45.3,Lunch,4,Thu,Tue,14,278278,wisely
2026-09-03T05:13:44+00:00,2026-09-03T18:45:00+00:00,811,13.5,Lunch,2,Thu,Thu,14,278278,wisely
2026-09-02T14:12:53+00:00,2026-09-03T18:45:00+00:00,1712,28.5,Lunch,4,Thu,Wed,14,278278,wisely
2026-09-03T05:13:44+00:00,2026-09-03T19:00:00+00:00,826,13.8,Lunch,4,Thu,Thu,15,278278,wisely
2026-09-03T17:49:00+00:00,2026-09-03T19:15:00+00:00,86,1.4,Lunch,2,Thu,Thu,15,278278,wisely
2026-09-03T17:49:02+00:00,2026-09-03T19:15:00+00:00,86,1.4,Lunch,4,Thu,Thu,15,278278,wisely
2026-09-02T14:12:22+00:00,2026-09-03T20:30:00+00:00,1818,30.3,Dinner,2,Thu,Wed,16,278278,wisely
2026-09-03T14:03:10+00:00,2026-09-03T20:45:00+00:00,402,6.7,Dinner,2,Thu,Thu,16,278278,wisely
2026-09-03T00:30:52+00:00,2026-09-03T21:00:00+00:00,1229,20.5,Dinner,2,Thu,Wed,17,278278,wisely
2026-09-03T00:30:55+00:00,2026-09-03T21:00:00+00:00,1229,20.5,Dinner,4,Thu,Wed,17,278278,wisely
2026-09-01T23:17:36+00:00,2026-09-03T21:30:00+00:00,2772,46.2,Dinner,2,Thu,Tue,17,278278,wisely
2026-09-01T23:17:37+00:00,2026-09-03T21:30:00+00:00,2772,46.2,Dinner,4,Thu,Tue,17,278278,wisely
2026-09-02T22:25:49+00:00,2026-09-03T22:15:00+00:00,1429,23.8,Dinner,2,Thu,Wed,18,278278,wisely
2026-09-01T02:06:48+00:00,2026-09-04T00:15:00+00:00,4208,70.1,Dinner,2,Thu,Mon,20,278278,wisely
2026-09-01T02:06:48+00:00,2026-09-04T00:15:00+00:00,4208,70.1,Dinner,4,Thu,Mon,20,278278,wisely
2026-09-01T15:00:28+00:00,2026-09-04T01:00:00+00:00,3480,58.0,Dinner,2,Thu,Tue,21,278278,wisely
2026-09-02T14:12:23+00:00,2026-09-04T01:00:00+00:00,2088,34.8,Dinner,4,Thu,Wed,21,278278,wisely
2026-09-02T00:27:13+00:00,2026-09-04T01:15:00+00:00,2928,48.8,Dinner,2,Thu,Tue,21,278278,wisely
2026-09-02T00:27:13+00:00,2026-09-04T01:15:00+00:00,2928,48.8,Dinner,4,Thu,Tue,21,278278,wisely
2026-08-31T07:38:59+00:00,2026-09-04T01:30:00+00:00,5391,89.9,Dinner,2,Thu,Mon,21,278278,wisely
2026-08-31T07:39:00+00:00,2026-09-04T01:30:00+00:00,5391,89.8,Dinner,4,Thu,Mon,21,278278,wisely
2026-08-31T07:39:00+00:00,2026-09-04T01:45:00+00:00,5406,90.1,Dinner,2,Thu,Mon,21,278278,wisely
2026-08-31T07:39:00+00:00,2026-09-04T01:45:00+00:00,5406,90.1,Dinner,4,Thu,Mon,21,278278,wisely
2026-09-02T05:46:06+00:00,2026-09-04T15:30:00+00:00,3464,57.7,Lunch,2,Fri,Wed,11,278278,wisely
2026-09-02T05:46:07+00:00,2026-09-04T15:30:00+00:00,3464,57.7,Lunch,4,Fri,Wed,11,278278,wisely
2026-09-02T05:46:06+00:00,2026-09-04T15:45:00+00:00,3479,58.0,Lunch,2,Fri,Wed,11,278278,wisely
2026-09-02T05:46:07+00:00,2026-09-04T15:45:00+00:00,3479,58.0,Lunch,4,Fri,Wed,11,278278,wisely
2026-09-02T05:46:07+00:00,2026-09-04T16:00:00+00:00,3494,58.2,Lunch,2,Fri,Wed,12,278278,wisely
2026-09-02T05:46:08+00:00,2026-09-04T16:00:00+00:00,3494,58.2,Lunch,4,Fri,Wed,12,278278,wisely
2026-09-02T05:46:09+00:00,2026-09-04T16:15:00+00:00,3509,58.5,Lunch,2,Fri,Wed,12,278278,wisely
2026-09-04T13:27:32+00:00,2026-09-04T16:30:00+00:00,182,3.0,Lunch,2,Fri,Fri,12,278278,wisely
2026-09-02T05:46:11+00:00,2026-09-04T16:45:00+00:00,3539,59.0,Lunch,2,Fri,Wed,12,278278,wisely
2026-09-02T05:46:10+00:00,2026-09-04T16:45:00+00:00,3539,59.0,Lunch,4,Fri,Wed,12,278278,wisely
2026-09-02T05:46:12+00:00,2026-09-04T17:00:00+00:00,3554,59.2,Lunch,2,Fri,Wed,13,278278,wisely
2026-09-02T05:46:11+00:00,2026-09-04T17:00:00+00:00,3554,59.2,Lunch,4,Fri,Wed,13,278278,wisely
2026-09-02T05:46:13+00:00,2026-09-04T17:15:00+00:00,3569,59.5,Lunch,2,Fri,Wed,13,278278,wisely
2026-09-02T05:46:13+00:00,2026-09-04T17:15:00+00:00,3569,59.5,Lunch,4,Fri,Wed,13,278278,wisely
2026-09-02T05:46:14+00:00,2026-09-04T17:30:00+00:00,3584,59.7,Lunch,2,Fri,Wed,13,278278,wisely
2026-09-02T05:46:15+00:00,2026-09-04T17:30:00+00:00,3584,59.7,Lunch,4,Fri,Wed,13,278278,wisely
2026-09-02T05:46:15+00:00,2026-09-04T17:45:00+00:00,3599,60.0,Lunch,2,Fri,Wed,13,278278,wisely
2026-09-02T05:46:16+00:00,2026-09-04T17:45:00+00:00,3599,60.0,Lunch,4,Fri,Wed,13,278278,wisely
2026-09-03T14:04:19+00:00,2026-09-04T18:00:00+00:00,1676,27.9,Lunch,2,Fri,Thu,14,278278,wisely
2026-09-03T14:04:18+00:00,2026-09-04T18:00:00+00:00,1676,27.9,Lunch,4,Fri,Thu,14,278278,wisely
2026-09-02T05:46:17+00:00,2026-09-04T18:15:00+00:00,3629,60.5,Lunch,2,Fri,Wed,14,278278,wisely
2026-09-02T05:46:17+00:00,2026-09-04T18:15:00+00:00,3629,60.5,Lunch,4,Fri,Wed,14,278278,wisely
2026-09-04T13:27:44+00:00,2026-09-04T18:30:00+00:00,302,5.0,Lunch,2,Fri,Fri,14,278278,wisely
2026-09-02T20:29:09+00:00,2026-09-04T18:30:00+00:00,2761,46.0,Lunch,4,Fri,Wed,14,278278,wisely
2026-09-03T05:13:46+00:00,2026-09-04T20:30:00+00:00,2356,39.3,Dinner,2,Fri,Thu,16,278278,wisely
2026-09-03T05:13:47+00:00,2026-09-04T20:30:00+00:00,2356,39.3,Dinner,4,Fri,Thu,16,278278,wisely
2026-09-03T00:32:12+00:00,2026-09-04T20:45:00+00:00,2653,44.2,Dinner,2,Fri,Wed,16,278278,wisely
2026-09-03T00:32:13+00:00,2026-09-04T20:45:00+00:00,2653,44.2,Dinner,4,Fri,Wed,16,278278,wisely
2026-09-03T14:03:42+00:00,2026-09-04T21:30:00+00:00,1886,31.4,Dinner,2,Fri,Thu,17,278278,wisely
2026-09-02T10:00:07+00:00,2026-09-05T00:15:00+00:00,3735,62.2,Dinner,2,Fri,Wed,20,278278,wisely
2026-09-04T00:12:26+00:00,2026-09-05T01:00:00+00:00,1488,24.8,Dinner,2,Fri,Thu,21,278278,wisely
2026-09-04T00:12:27+00:00,2026-09-05T01:00:00+00:00,1488,24.8,Dinner,4,Fri,Thu,21,278278,wisely
2026-09-04T00:12:27+00:00,2026-09-05T01:45:00+00:00,1533,25.5,Dinner,2,Fri,Thu,21,278278,wisely
2026-09-04T00:12:28+00:00,2026-09-05T01:45:00+00:00,1533,25.5,Dinner,4,Fri,Thu,21,278278,wisely
2026-09-03T05:14:19+00:00,2026-09-05T15:30:00+00:00,3496,58.3,Lunch,2,Sat,Thu,11,278278,wisely
2026-09-03T05:14:20+00:00,2026-09-05T15:30:00+00:00,3496,58.3,Lunch,4,Sat,Thu,11,278278,wisely
2026-09-03T05:14:19+00:00,2026-09-05T15:45:00+00:00,3511,58.5,Lunch,2,Sat,Thu,11,278278,wisely
2026-09-03T05:14:20+00:00,2026-09-05T15:45:00+00:00,3511,58.5,Lunch,4,Sat,Thu,11,278278,wisely
2026-09-03T05:14:19+00:00,2026-09-05T16:00:00+00:00,3526,58.8,Lunch,2,Sat,Thu,12,278278,wisely
2026-09-03T05:14:21+00:00,2026-09-05T16:00:00+00:00,3526,58.8,Lunch,4,Sat,Thu,12,278278,wisely
2026-09-03T05:14:22+00:00,2026-09-05T16:15:00+00:00,3541,59.0,Lunch,2,Sat,Thu,12,278278,wisely
2026-09-03T05:14:23+00:00,2026-09-05T16:15:00+00:00,3541,59.0,Lunch,4,Sat,Thu,12,278278,wisely
2026-09-03T05:14:23+00:00,2026-09-05T16:30:00+00:00,3556,59.3,Lunch,2,Sat,Thu,12,278278,wisely
2026-09-03T05:14:24+00:00,2026-09-05T16:30:00+00:00,3556,59.3,Lunch,4,Sat,Thu,12,278278,wisely
2026-09-03T05:14:24+00:00,2026-09-05T16:45:00+00:00,3571,59.5,Lunch,2,Sat,Thu,12,278278,wisely
2026-09-03T05:14:25+00:00,2026-09-05T16:45:00+00:00,3571,59.5,Lunch,4,Sat,Thu,12,278278,wisely
2026-09-03T05:14:25+00:00,2026-09-05T17:00:00+00:00,3586,59.8,Lunch,2,Sat,Thu,13,278278,wisely
2026-09-03T05:14:26+00:00,2026-09-05T17:15:00+00:00,3601,60.0,Lunch,2,Sat,Thu,13,278278,wisely
2026-09-03T05:14:26+00:00,2026-09-05T17:15:00+00:00,3601,60.0,Lunch,4,Sat,Thu,13,278278,wisely
2026-09-03T05:14:27+00:00,2026-09-05T17:30:00+00:00,3616,60.3,Lunch,2,Sat,Thu,13,278278,wisely
2026-09-03T05:14:28+00:00,2026-09-05T17:45:00+00:00,3631,60.5,Lunch,2,Sat,Thu,13,278278,wisely
2026-09-03T05:14:27+00:00,2026-09-05T17:45:00+00:00,3631,60.5,Lunch,4,Sat,Thu,13,278278,wisely
2026-09-03T05:14:29+00:00,2026-09-05T18:00:00+00:00,3646,60.8,Lunch,2,Sat,Thu,14,278278,wisely
2026-09-03T05:14:28+00:00,2026-09-05T18:00:00+00:00,3646,60.8,Lunch,4,Sat,Thu,14,278278,wisely
2026-09-03T05:14:29+00:00,2026-09-05T18:15:00+00:00,3661,61.0,Lunch,2,Sat,Thu,14,278278,wisely
2026-09-03T05:14:30+00:00,2026-09-05T18:15:00+00:00,3660,61.0,Lunch,4,Sat,Thu,14,278278,wisely
2026-09-03T20:10:54+00:00,2026-09-05T18:30:00+00:00,2779,46.3,Lunch,4,Sat,Thu,14,278278,wisely
2026-09-04T23:19:53+00:00,2026-09-05T18:45:00+00:00,1165,19.4,Lunch,2,Sat,Fri,14,278278,wisely
2026-09-05T12:50:32+00:00,2026-09-05T18:45:00+00:00,354,5.9,Lunch,4,Sat,Sat,14,278278,wisely
2026-09-04T00:13:06+00:00,2026-09-05T21:15:00+00:00,2702,45.0,Dinner,2,Sat,Thu,17,278278,wisely
2026-09-05T00:07:25+00:00,2026-09-06T00:15:00+00:00,1448,24.1,Dinner,2,Sat,Fri,20,278278,wisely
2026-09-05T01:05:11+00:00,2026-09-06T01:00:00+00:00,1435,23.9,Dinner,2,Sat,Fri,21,278278,wisely
2026-09-05T01:05:12+00:00,2026-09-06T01:00:00+00:00,1435,23.9,Dinner,4,Sat,Fri,21,278278,wisely
2026-09-04T04:43:17+00:00,2026-09-06T01:30:00+00:00,2687,44.8,Dinner,2,Sat,Fri,21,278278,wisely
2026-09-04T16:58:01+00:00,2026-09-06T01:45:00+00:00,1967,32.8,Dinner,2,Sat,Fri,21,278278,wisely
2026-09-04T16:58:02+00:00,2026-09-06T01:45:00+00:00,1967,32.8,Dinner,4,Sat,Fri,21,278278,wisely
2026-09-04T04:43:49+00:00,2026-09-06T15:30:00+00:00,3526,58.8,Lunch,2,Sun,Fri,11,278278,wisely
2026-09-05T19:29:19+00:00,2026-09-06T15:30:00+00:00,1201,20.0,Lunch,4,Sun,Sat,11,278278,wisely
2026-09-04T04:43:49+00:00,2026-09-06T15:45:00+00:00,3541,59.0,Lunch,2,Sun,Fri,11,278278,wisely
2026-09-04T04:43:50+00:00,2026-09-06T16:00:00+00:00,3556,59.3,Lunch,2,Sun,Fri,12,278278,wisely
2026-09-04T04:43:50+00:00,2026-09-06T16:00:00+00:00,3556,59.3,Lunch,4,Sun,Fri,12,278278,wisely
2026-09-05T15:39:14+00:00,2026-09-06T16:15:00+00:00,1476,24.6,Lunch,2,Sun,Sat,12,278278,wisely
2026-09-04T21:34:57+00:00,2026-09-06T16:30:00+00:00,2575,42.9,Lunch,2,Sun,Fri,12,278278,wisely
2026-09-04T04:43:53+00:00,2026-09-06T16:45:00+00:00,3601,60.0,Lunch,2,Sun,Fri,12,278278,wisely
2026-09-04T04:43:51+00:00,2026-09-06T16:45:00+00:00,3601,60.0,Lunch,4,Sun,Fri,12,278278,wisely
2026-09-04T04:43:54+00:00,2026-09-06T17:00:00+00:00,3616,60.3,Lunch,2,Sun,Fri,13,278278,wisely
2026-09-04T04:43:51+00:00,2026-09-06T17:00:00+00:00,3616,60.3,Lunch,4,Sun,Fri,13,278278,wisely
2026-09-04T04:43:54+00:00,2026-09-06T17:15:00+00:00,3631,60.5,Lunch,2,Sun,Fri,13,278278,wisely
2026-09-04T04:43:55+00:00,2026-09-06T17:15:00+00:00,3631,60.5,Lunch,4,Sun,Fri,13,278278,wisely
2026-09-04T04:43:56+00:00,2026-09-06T17:45:00+00:00,3661,61.0,Lunch,2,Sun,Fri,13,278278,wisely
2026-09-04T04:43:57+00:00,2026-09-06T17:45:00+00:00,3661,61.0,Lunch,4,Sun,Fri,13,278278,wisely
2026-09-05T05:40:54+00:00,2026-09-06T18:00:00+00:00,2179,36.3,Lunch,2,Sun,Sat,14,278278,wisely
2026-09-05T05:40:50+00:00,2026-09-06T18:00:00+00:00,2179,36.3,Lunch,4,Sun,Sat,14,278278,wisely
2026-09-04T04:43:57+00:00,2026-09-06T18:15:00+00:00,3691,61.5,Lunch,2,Sun,Fri,14,278278,wisely
2026-09-04T16:59:24+00:00,2026-09-06T18:15:00+00:00,2956,49.3,Lunch,4,Sun,Fri,14,278278,wisely
2026-09-04T22:12:06+00:00,2026-09-06T18:30:00+00:00,2658,44.3,Lunch,2,Sun,Fri,14,278278,wisely
2026-09-04T22:12:02+00:00,2026-09-06T18:30:00+00:00,2658,44.3,Lunch,4,Sun,Fri,14,278278,wisely
2026-09-04T04:43:58+00:00,2026-09-06T18:45:00+00:00,3721,62.0,Lunch,4,Sun,Fri,14,278278,wisely
2026-09-06T01:22:02+00:00,2026-09-06T19:45:00+00:00,1103,18.4,Lunch,2,Sun,Sat,15,278278,wisely
2026-09-06T01:22:03+00:00,2026-09-06T19:45:00+00:00,1103,18.4,Lunch,4,Sun,Sat,15,278278,wisely
2026-09-05T23:43:33+00:00,2026-09-06T20:30:00+00:00,1246,20.8,Dinner,2,Sun,Sat,16,278278,wisely
2026-09-05T23:43:34+00:00,2026-09-06T20:30:00+00:00,1246,20.8,Dinner,4,Sun,Sat,16,278278,wisely
2026-09-06T01:03:06+00:00,2026-09-06T20:45:00+00:00,1182,19.7,Dinner,2,Sun,Sat,16,278278,wisely
2026-09-06T09:44:07+00:00,2026-09-06T21:15:00+00:00,691,11.5,Dinner,2,Sun,Sun,17,278278,wisely
2026-09-05T23:16:58+00:00,2026-09-07T00:15:00+00:00,1498,25.0,Dinner,2,Sun,Sat,20,278278,wisely
2026-09-05T23:16:59+00:00,2026-09-07T00:15:00+00:00,1498,25.0,Dinner,4,Sun,Sat,20,278278,wisely
2026-09-05T15:39:03+00:00,2026-09-07T00:45:00+00:00,1986,33.1,Dinner,2,Sun,Sat,20,278278,wisely
2026-09-05T15:39:05+00:00,2026-09-07T00:45:00+00:00,1986,33.1,Dinner,4,Sun,Sat,20,278278,wisely
2026-09-05T15:39:04+00:00,2026-09-07T01:00:00+00:00,2001,33.3,Dinner,2,Sun,Sat,21,278278,wisely
2026-09-05T15:39:05+00:00,2026-09-07T01:00:00+00:00,2001,33.3,Dinner,4,Sun,Sat,21,278278,wisely
2026-09-05T05:41:09+00:00,2026-09-07T15:30:00+00:00,3469,57.8,Lunch,2,Mon,Sat,11,278278,wisely
2026-09-05T05:41:10+00:00,2026-09-07T15:30:00+00:00,3469,57.8,Lunch,4,Mon,Sat,11,278278,wisely
2026-09-05T05:41:09+00:00,2026-09-07T15:45:00+00:00,3484,58.1,Lunch,2,Mon,Sat,11,278278,wisely
2026-09-05T05:41:10+00:00,2026-09-07T15:45:00+00:00,3484,58.1,Lunch,4,Mon,Sat,11,278278,wisely
2026-09-06T16:15:11+00:00,2026-09-07T16:00:00+00:00,1425,23.7,Lunch,2,Mon,Sun,12,278278,wisely
2026-09-06T16:15:12+00:00,2026-09-07T16:00:00+00:00,1425,23.7,Lunch,4,Mon,Sun,12,278278,wisely
2026-09-06T16:15:17+00:00,2026-09-07T16:15:00+00:00,1440,24.0,Lunch,2,Mon,Sun,12,278278,wisely
2026-09-06T16:15:17+00:00,2026-09-07T16:15:00+00:00,1440,24.0,Lunch,4,Mon,Sun,12,278278,wisely
2026-09-07T09:36:37+00:00,2026-09-07T16:30:00+00:00,413,6.9,Lunch,2,Mon,Mon,12,278278,wisely
2026-09-05T05:41:09+00:00,2026-09-07T17:00:00+00:00,3559,59.3,Lunch,2,Mon,Sat,13,278278,wisely
2026-09-05T05:41:10+00:00,2026-09-07T17:00:00+00:00,3559,59.3,Lunch,4,Mon,Sat,13,278278,wisely
2026-09-05T05:41:13+00:00,2026-09-07T17:15:00+00:00,3574,59.6,Lunch,2,Mon,Sat,13,278278,wisely
2026-09-05T05:41:13+00:00,2026-09-07T17:15:00+00:00,3574,59.6,Lunch,4,Mon,Sat,13,278278,wisely
2026-09-05T05:41:14+00:00,2026-09-07T17:30:00+00:00,3589,59.8,Lunch,2,Mon,Sat,13,278278,wisely
2026-09-05T05:41:15+00:00,2026-09-07T17:30:00+00:00,3589,59.8,Lunch,4,Mon,Sat,13,278278,wisely
2026-09-05T05:41:16+00:00,2026-09-07T17:45:00+00:00,3604,60.1,Lunch,2,Mon,Sat,13,278278,wisely
2026-09-05T05:41:17+00:00,2026-09-07T17:45:00+00:00,3604,60.1,Lunch,4,Mon,Sat,13,278278,wisely
2026-09-05T05:41:17+00:00,2026-09-07T18:00:00+00:00,3619,60.3,Lunch,2,Mon,Sat,14,278278,wisely
2026-09-05T05:41:18+00:00,2026-09-07T18:00:00+00:00,3619,60.3,Lunch,4,Mon,Sat,14,278278,wisely
2026-09-05T05:41:18+00:00,2026-09-07T18:15:00+00:00,3634,60.6,Lunch,2,Mon,Sat,14,278278,wisely
2026-09-05T05:41:19+00:00,2026-09-07T18:15:00+00:00,3634,60.6,Lunch,4,Mon,Sat,14,278278,wisely
2026-09-06T16:15:24+00:00,2026-09-07T18:30:00+00:00,1575,26.2,Lunch,2,Mon,Sun,14,278278,wisely
2026-09-06T16:15:25+00:00,2026-09-07T18:30:00+00:00,1575,26.2,Lunch,4,Mon,Sun,14,278278,wisely
2026-09-06T20:41:58+00:00,2026-09-07T18:45:00+00:00,1323,22.1,Lunch,2,Mon,Sun,14,278278,wisely
2026-09-06T23:46:00+00:00,2026-09-07T19:00:00+00:00,1154,19.2,Lunch,2,Mon,Sun,15,278278,wisely
2026-09-07T01:20:44+00:00,2026-09-07T19:15:00+00:00,1074,17.9,Lunch,2,Mon,Sun,15,278278,wisely
2026-09-06T20:42:01+00:00,2026-09-07T19:15:00+00:00,1353,22.5,Lunch,4,Mon,Sun,15,278278,wisely
2026-09-04T16:59:27+00:00,2026-09-07T20:30:00+00:00,4531,75.5,Dinner,2,Mon,Fri,16,278278,wisely
2026-09-04T16:59:28+00:00,2026-09-07T20:30:00+00:00,4531,75.5,Dinner,4,Mon,Fri,16,278278,wisely
2026-09-06T22:21:58+00:00,2026-09-07T21:00:00+00:00,1358,22.6,Dinner,2,Mon,Sun,17,278278,wisely
2026-09-07T09:36:14+00:00,2026-09-07T21:00:00+00:00,684,11.4,Dinner,4,Mon,Mon,17,278278,wisely
2026-09-04T22:12:07+00:00,2026-09-07T21:30:00+00:00,4278,71.3,Dinner,2,Mon,Fri,17,278278,wisely
2026-09-04T22:12:08+00:00,2026-09-07T21:30:00+00:00,4278,71.3,Dinner,4,Mon,Fri,17,278278,wisely
2026-09-07T09:36:13+00:00,2026-09-07T22:15:00+00:00,759,12.6,Dinner,2,Mon,Mon,18,278278,wisely
2026-09-07T09:36:14+00:00,2026-09-08T00:15:00+00:00,879,14.6,Dinner,2,Mon,Mon,20,278278,wisely
2026-09-07T09:36:15+00:00,2026-09-08T00:15:00+00:00,879,14.6,Dinner,4,Mon,Mon,20,278278,wisely
2026-09-06T16:14:57+00:00,2026-09-08T00:45:00+00:00,1950,32.5,Dinner,2,Mon,Sun,20,278278,wisely
2026-09-06T16:14:58+00:00,2026-09-08T00:45:00+00:00,1950,32.5,Dinner,4,Mon,Sun,20,278278,wisely
2026-09-04T04:43:59+00:00,2026-09-08T01:00:00+00:00,5536,92.3,Dinner,2,Mon,Fri,21,278278,wisely
2026-09-04T04:44:00+00:00,2026-09-08T01:00:00+00:00,5536,92.3,Dinner,4,Mon,Fri,21,278278,wisely
2026-09-04T04:43:59+00:00,2026-09-08T01:15:00+00:00,5551,92.5,Dinner,2,Mon,Fri,21,278278,wisely
2026-09-04T04:44:01+00:00,2026-09-08T01:15:00+00:00,5551,92.5,Dinner,4,Mon,Fri,21,278278,wisely
2026-09-04T04:44:00+00:00,2026-09-08T01:30:00+00:00,5566,92.8,Dinner,2,Mon,Fri,21,278278,wisely
2026-09-04T04:44:01+00:00,2026-09-08T01:30:00+00:00,5566,92.8,Dinner,4,Mon,Fri,21,278278,wisely
2026-09-04T04:44:09+00:00,2026-09-08T01:45:00+00:00,5581,93.0,Dinner,2,Mon,Fri,21,278278,wisely
2026-09-04T04:44:10+00:00,2026-09-08T01:45:00+00:00,5581,93.0,Dinner,4,Mon,Fri,21,278278,wisely
2026-09-06T05:52:55+00:00,2026-09-08T15:30:00+00:00,3457,57.6,Lunch,2,Tue,Sun,11,278278,wisely
2026-09-06T05:52:56+00:00,2026-09-08T15:30:00+00:00,3457,57.6,Lunch,4,Tue,Sun,11,278278,wisely
2026-09-06T05:52:55+00:00,2026-09-08T15:45:00+00:00,3472,57.9,Lunch,2,Tue,Sun,11,278278,wisely
2026-09-06T05:52:56+00:00,2026-09-08T15:45:00+00:00,3472,57.9,Lunch,4,Tue,Sun,11,278278,wisely
2026-09-07T22:35:20+00:00,2026-09-08T16:00:00+00:00,1045,17.4,Lunch,2,Tue,Mon,12,278278,wisely
2026-09-07T22:35:21+00:00,2026-09-08T16:00:00+00:00,1045,17.4,Lunch,4,Tue,Mon,12,278278,wisely
2026-09-06T05:52:55+00:00,2026-09-08T16:15:00+00:00,3502,58.4,Lunch,2,Tue,Sun,12,278278,wisely
2026-09-06T05:52:57+00:00,2026-09-08T16:45:00+00:00,3532,58.9,Lunch,2,Tue,Sun,12,278278,wisely
2026-09-06T05:52:56+00:00,2026-09-08T16:45:00+00:00,3532,58.9,Lunch,4,Tue,Sun,12,278278,wisely
2026-09-06T05:52:58+00:00,2026-09-08T17:00:00+00:00,3547,59.1,Lunch,2,Tue,Sun,13,278278,wisely
2026-09-06T05:52:59+00:00,2026-09-08T17:15:00+00:00,3562,59.4,Lunch,2,Tue,Sun,13,278278,wisely
2026-09-06T05:52:58+00:00,2026-09-08T17:15:00+00:00,3562,59.4,Lunch,4,Tue,Sun,13,278278,wisely
2026-09-06T05:53:00+00:00,2026-09-08T17:30:00+00:00,3577,59.6,Lunch,2,Tue,Sun,13,278278,wisely
2026-09-06T05:52:59+00:00,2026-09-08T17:30:00+00:00,3577,59.6,Lunch,4,Tue,Sun,13,278278,wisely
2026-09-06T05:53:00+00:00,2026-09-08T17:45:00+00:00,3592,59.9,Lunch,2,Tue,Sun,13,278278,wisely
2026-09-06T05:53:01+00:00,2026-09-08T17:45:00+00:00,3592,59.9,Lunch,4,Tue,Sun,13,278278,wisely
2026-09-06T05:53:01+00:00,2026-09-08T18:00:00+00:00,3607,60.1,Lunch,2,Tue,Sun,14,278278,wisely
2026-09-06T05:53:01+00:00,2026-09-08T18:00:00+00:00,3607,60.1,Lunch,4,Tue,Sun,14,278278,wisely
2026-09-06T05:53:02+00:00,2026-09-08T18:15:00+00:00,3622,60.4,Lunch,2,Tue,Sun,14,278278,wisely
2026-09-06T05:53:02+00:00,2026-09-08T18:15:00+00:00,3622,60.4,Lunch,4,Tue,Sun,14,278278,wisely
2026-09-08T17:29:54+00:00,2026-09-08T18:30:00+00:00,60,1.0,Lunch,2,Tue,Tue,14,278278,wisely
2026-09-08T17:29:56+00:00,2026-09-08T18:30:00+00:00,60,1.0,Lunch,4,Tue,Tue,14,278278,wisely
2026-09-08T17:29:55+00:00,2026-09-08T18:45:00+00:00,75,1.3,Lunch,2,Tue,Tue,14,278278,wisely
2026-09-08T17:29:56+00:00,2026-09-08T18:45:00+00:00,75,1.3,Lunch,4,Tue,Tue,14,278278,wisely
2026-09-05T05:41:20+00:00,2026-09-08T20:30:00+00:00,5209,86.8,Dinner,2,Tue,Sat,16,278278,wisely
2026-09-08T00:18:16+00:00,2026-09-08T20:45:00+00:00,1227,20.4,Dinner,2,Tue,Mon,16,278278,wisely
2026-09-08T13:35:38+00:00,2026-09-08T21:45:00+00:00,489,8.2,Dinner,2,Tue,Tue,17,278278,wisely
2026-09-07T15:14:21+00:00,2026-09-08T22:45:00+00:00,1891,31.5,Dinner,2,Tue,Mon,18,278278,wisely
2026-09-07T00:05:33+00:00,2026-09-09T00:15:00+00:00,2889,48.2,Dinner,2,Tue,Sun,20,278278,wisely
2026-09-07T00:05:34+00:00,2026-09-09T00:15:00+00:00,2889,48.2,Dinner,4,Tue,Sun,20,278278,wisely
2026-09-07T15:14:22+00:00,2026-09-09T00:30:00+00:00,1996,33.3,Dinner,2,Tue,Mon,20,278278,wisely
2026-09-08T00:18:17+00:00,2026-09-09T01:00:00+00:00,1482,24.7,Dinner,2,Tue,Mon,21,278278,wisely
2026-09-08T00:18:17+00:00,2026-09-09T01:00:00+00:00,1482,24.7,Dinner,4,Tue,Mon,21,278278,wisely
2026-09-05T05:41:20+00:00,2026-09-09T01:15:00+00:00,5494,91.6,Dinner,2,Tue,Sat,21,278278,wisely
2026-09-05T05:41:21+00:00,2026-09-09T01:15:00+00:00,5494,91.6,Dinner,4,Tue,Sat,21,278278,wisely
2026-09-05T05:41:21+00:00,2026-09-09T01:30:00+00:00,5509,91.8,Dinner,2,Tue,Sat,21,278278,wisely
2026-09-05T05:41:21+00:00,2026-09-09T01:30:00+00:00,5509,91.8,Dinner,4,Tue,Sat,21,278278,wisely
2026-09-05T05:41:26+00:00,2026-09-09T01:45:00+00:00,5524,92.1,Dinner,2,Tue,Sat,21,278278,wisely
2026-09-05T05:41:22+00:00,2026-09-09T01:45:00+00:00,5524,92.1,Dinner,4,Tue,Sat,21,278278,wisely
2026-09-07T04:29:49+00:00,2026-09-09T15:30:00+00:00,3540,59.0,Lunch,2,Wed,Mon,11,278278,wisely
2026-09-07T04:29:50+00:00,2026-09-09T15:30:00+00:00,3540,59.0,Lunch,4,Wed,Mon,11,278278,wisely
2026-09-07T04:29:49+00:00,2026-09-09T15:45:00+00:00,3555,59.3,Lunch,2,Wed,Mon,11,278278,wisely
2026-09-07T04:29:50+00:00,2026-09-09T15:45:00+00:00,3555,59.3,Lunch,4,Wed,Mon,11,278278,wisely
2026-09-08T22:25:24+00:00,2026-09-09T16:15:00+00:00,1070,17.8,Lunch,2,Wed,Tue,12,278278,wisely
2026-09-07T04:29:49+00:00,2026-09-09T16:45:00+00:00,3615,60.3,Lunch,2,Wed,Mon,12,278278,wisely
2026-09-07T04:29:52+00:00,2026-09-09T17:15:00+00:00,3645,60.8,Lunch,2,Wed,Mon,13,278278,wisely
2026-09-07T04:29:53+00:00,2026-09-09T17:30:00+00:00,3660,61.0,Lunch,2,Wed,Mon,13,278278,wisely
2026-09-07T04:29:50+00:00,2026-09-09T17:30:00+00:00,3660,61.0,Lunch,4,Wed,Mon,13,278278,wisely
2026-09-07T04:29:54+00:00,2026-09-09T17:45:00+00:00,3675,61.3,Lunch,2,Wed,Mon,13,278278,wisely
2026-09-07T04:29:53+00:00,2026-09-09T17:45:00+00:00,3675,61.3,Lunch,4,Wed,Mon,13,278278,wisely
2026-09-07T04:29:55+00:00,2026-09-09T18:00:00+00:00,3690,61.5,Lunch,2,Wed,Mon,14,278278,wisely
2026-09-07T04:29:53+00:00,2026-09-09T18:00:00+00:00,3690,61.5,Lunch,4,Wed,Mon,14,278278,wisely
2026-09-07T04:29:55+00:00,2026-09-09T18:15:00+00:00,3705,61.8,Lunch,2,Wed,Mon,14,278278,wisely
2026-09-07T04:29:56+00:00,2026-09-09T18:15:00+00:00,3705,61.8,Lunch,4,Wed,Mon,14,278278,wisely
2026-09-09T05:15:41+00:00,2026-09-09T18:30:00+00:00,794,13.2,Lunch,2,Wed,Wed,14,278278,wisely
2026-09-09T00:27:12+00:00,2026-09-09T18:30:00+00:00,1083,18.0,Lunch,4,Wed,Tue,14,278278,wisely
2026-09-09T17:41:16+00:00,2026-09-09T18:45:00+00:00,64,1.1,Lunch,2,Wed,Wed,14,278278,wisely
2026-09-09T05:15:42+00:00,2026-09-09T18:45:00+00:00,809,13.5,Lunch,4,Wed,Wed,14,278278,wisely
2026-09-09T17:41:16+00:00,2026-09-09T19:00:00+00:00,79,1.3,Lunch,2,Wed,Wed,15,278278,wisely
2026-09-09T17:41:17+00:00,2026-09-09T19:30:00+00:00,109,1.8,Lunch,4,Wed,Wed,15,278278,wisely
2026-09-06T05:53:03+00:00,2026-09-09T20:30:00+00:00,5197,86.6,Dinner,2,Wed,Sun,16,278278,wisely
2026-09-09T13:58:25+00:00,2026-09-09T20:45:00+00:00,407,6.8,Dinner,2,Wed,Wed,16,278278,wisely
2026-09-09T13:58:26+00:00,2026-09-09T20:45:00+00:00,407,6.8,Dinner,4,Wed,Wed,16,278278,wisely
2026-09-09T17:41:05+00:00,2026-09-09T21:15:00+00:00,214,3.6,Dinner,2,Wed,Wed,17,278278,wisely
2026-09-09T13:58:25+00:00,2026-09-09T21:30:00+00:00,452,7.5,Dinner,2,Wed,Wed,17,278278,wisely
2026-09-09T13:58:26+00:00,2026-09-09T21:30:00+00:00,452,7.5,Dinner,4,Wed,Wed,17,278278,wisely
2026-09-06T05:53:03+00:00,2026-09-10T01:00:00+00:00,5467,91.1,Dinner,2,Wed,Sun,21,278278,wisely
2026-09-06T05:53:03+00:00,2026-09-10T01:00:00+00:00,5467,91.1,Dinner,4,Wed,Sun,21,278278,wisely
2026-09-06T05:53:03+00:00,2026-09-10T01:15:00+00:00,5482,91.4,Dinner,2,Wed,Sun,21,278278,wisely
2026-09-06T05:53:04+00:00,2026-09-10T01:15:00+00:00,5482,91.4,Dinner,4,Wed,Sun,21,278278,wisely
2026-09-06T05:53:07+00:00,2026-09-10T01:30:00+00:00,5497,91.6,Dinner,2,Wed,Sun,21,278278,wisely
2026-09-06T05:53:04+00:00,2026-09-10T01:30:00+00:00,5497,91.6,Dinner,4,Wed,Sun,21,278278,wisely
2026-09-06T05:53:10+00:00,2026-09-10T01:45:00+00:00,5512,91.9,Dinner,2,Wed,Sun,21,278278,wisely
2026-09-06T05:53:11+00:00,2026-09-10T01:45:00+00:00,5512,91.9,Dinner,4,Wed,Sun,21,278278,wisely
2026-09-08T04:50:02+00:00,2026-09-10T15:30:00+00:00,3520,58.7,Lunch,2,Thu,Tue,11,278278,wisely
2026-09-08T04:50:03+00:00,2026-09-10T15:30:00+00:00,3520,58.7,Lunch,4,Thu,Tue,11,278278,wisely
2026-09-08T04:50:02+00:00,2026-09-10T15:45:00+00:00,3535,58.9,Lunch,2,Thu,Tue,11,278278,wisely
2026-09-08T04:50:04+00:00,2026-09-10T15:45:00+00:00,3535,58.9,Lunch,4,Thu,Tue,11,278278,wisely
2026-09-08T04:50:03+00:00,2026-09-10T16:45:00+00:00,3595,59.9,Lunch,2,Thu,Tue,12,278278,wisely
2026-09-08T04:50:07+00:00,2026-09-10T17:45:00+00:00,3655,60.9,Lunch,2,Thu,Tue,13,278278,wisely
2026-09-08T04:50:04+00:00,2026-09-10T17:45:00+00:00,3655,60.9,Lunch,4,Thu,Tue,13,278278,wisely
2026-09-08T04:50:08+00:00,2026-09-10T18:00:00+00:00,3670,61.2,Lunch,2,Thu,Tue,14,278278,wisely
2026-09-08T04:50:08+00:00,2026-09-10T18:00:00+00:00,3670,61.2,Lunch,4,Thu,Tue,14,278278,wisely
2026-09-08T04:50:10+00:00,2026-09-10T18:15:00+00:00,3685,61.4,Lunch,2,Thu,Tue,14,278278,wisely
2026-09-08T04:50:09+00:00,2026-09-10T18:15:00+00:00,3685,61.4,Lunch,4,Thu,Tue,14,278278,wisely
2026-09-09T17:41:39+00:00,2026-09-10T18:30:00+00:00,1488,24.8,Lunch,2,Thu,Wed,14,278278,wisely
2026-09-09T17:41:40+00:00,2026-09-10T18:30:00+00:00,1488,24.8,Lunch,4,Thu,Wed,14,278278,wisely
2026-09-10T00:20:45+00:00,2026-09-10T18:45:00+00:00,1104,18.4,Lunch,2,Thu,Wed,14,278278,wisely
2026-09-09T22:19:25+00:00,2026-09-10T18:45:00+00:00,1226,20.4,Lunch,4,Thu,Wed,14,278278,wisely
2026-09-10T05:06:04+00:00,2026-09-10T19:00:00+00:00,834,13.9,Lunch,4,Thu,Thu,15,278278,wisely
2026-09-08T20:11:35+00:00,2026-09-10T20:45:00+00:00,2913,48.6,Dinner,2,Thu,Tue,16,278278,wisely
2026-09-08T20:11:35+00:00,2026-09-10T20:45:00+00:00,2913,48.6,Dinner,4,Thu,Tue,16,278278,wisely
2026-09-08T04:49:50+00:00,2026-09-10T22:15:00+00:00,3925,65.4,Dinner,2,Thu,Tue,18,278278,wisely
2026-09-08T04:49:51+00:00,2026-09-10T22:15:00+00:00,3925,65.4,Dinner,4,Thu,Tue,18,278278,wisely
2026-09-09T22:30:29+00:00,2026-09-10T22:45:00+00:00,1455,24.2,Dinner,2,Thu,Wed,18,278278,wisely
2026-09-07T04:29:56+00:00,2026-09-11T01:30:00+00:00,5580,93.0,Dinner,2,Thu,Mon,21,278278,wisely
2026-09-07T04:29:57+00:00,2026-09-11T01:30:00+00:00,5580,93.0,Dinner,4,Thu,Mon,21,278278,wisely
2026-09-07T04:29:56+00:00,2026-09-11T01:45:00+00:00,5595,93.3,Dinner,2,Thu,Mon,21,278278,wisely
2026-09-07T04:29:57+00:00,2026-09-11T01:45:00+00:00,5595,93.3,Dinner,4,Thu,Mon,21,278278,wisely
2026-09-09T05:16:02+00:00,2026-09-11T15:30:00+00:00,3494,58.2,Lunch,2,Fri,Wed,11,278278,wisely
2026-09-09T05:16:04+00:00,2026-09-11T15:30:00+00:00,3494,58.2,Lunch,4,Fri,Wed,11,278278,wisely
2026-09-09T05:16:02+00:00,2026-09-11T15:45:00+00:00,3509,58.5,Lunch,2,Fri,Wed,11,278278,wisely
2026-09-09T05:16:04+00:00,2026-09-11T15:45:00+00:00,3509,58.5,Lunch,4,Fri,Wed,11,278278,wisely
2026-09-09T05:16:03+00:00,2026-09-11T16:00:00+00:00,3524,58.7,Lunch,2,Fri,Wed,12,278278,wisely
2026-09-09T05:16:05+00:00,2026-09-11T16:00:00+00:00,3524,58.7,Lunch,4,Fri,Wed,12,278278,wisely
2026-09-09T05:16:06+00:00,2026-09-11T16:15:00+00:00,3539,59.0,Lunch,2,Fri,Wed,12,278278,wisely
2026-09-09T05:16:07+00:00,2026-09-11T16:15:00+00:00,3539,59.0,Lunch,4,Fri,Wed,12,278278,wisely
2026-09-09T05:16:08+00:00,2026-09-11T16:45:00+00:00,3569,59.5,Lunch,2,Fri,Wed,12,278278,wisely
2026-09-09T05:16:08+00:00,2026-09-11T16:45:00+00:00,3569,59.5,Lunch,4,Fri,Wed,12,278278,wisely
2026-09-09T05:16:09+00:00,2026-09-11T17:00:00+00:00,3584,59.7,Lunch,2,Fri,Wed,13,278278,wisely
2026-09-11T15:15:58+00:00,2026-09-11T17:15:00+00:00,119,2.0,Lunch,2,Fri,Fri,13,278278,wisely
2026-09-11T15:16:04+00:00,2026-09-11T17:15:00+00:00,119,2.0,Lunch,4,Fri,Fri,13,278278,wisely
2026-09-09T05:16:10+00:00,2026-09-11T17:30:00+00:00,3614,60.2,Lunch,2,Fri,Wed,13,278278,wisely
2026-09-09T05:16:10+00:00,2026-09-11T17:30:00+00:00,3614,60.2,Lunch,4,Fri,Wed,13,278278,wisely
2026-09-09T05:16:12+00:00,2026-09-11T17:45:00+00:00,3629,60.5,Lunch,2,Fri,Wed,13,278278,wisely
2026-09-09T05:16:11+00:00,2026-09-11T17:45:00+00:00,3629,60.5,Lunch,4,Fri,Wed,13,278278,wisely
2026-09-09T05:16:12+00:00,2026-09-11T18:00:00+00:00,3644,60.7,Lunch,2,Fri,Wed,14,278278,wisely
2026-09-09T05:16:13+00:00,2026-09-11T18:15:00+00:00,3659,61.0,Lunch,2,Fri,Wed,14,278278,wisely
2026-09-09T05:16:13+00:00,2026-09-11T18:15:00+00:00,3659,61.0,Lunch,4,Fri,Wed,14,278278,wisely
2026-09-10T19:49:10+00:00,2026-09-11T18:30:00+00:00,1361,22.7,Lunch,2,Fri,Thu,14,278278,wisely
2026-09-10T19:49:11+00:00,2026-09-11T18:30:00+00:00,1361,22.7,Lunch,4,Fri,Thu,14,278278,wisely
2026-09-11T06:35:15+00:00,2026-09-11T18:45:00+00:00,730,12.2,Lunch,2,Fri,Fri,14,278278,wisely
2026-09-11T06:35:15+00:00,2026-09-11T18:45:00+00:00,730,12.2,Lunch,4,Fri,Fri,14,278278,wisely
2026-09-11T18:38:21+00:00,2026-09-11T19:00:00+00:00,22,0.4,Lunch,2,Fri,Fri,15,278278,wisely
2026-09-09T20:02:25+00:00,2026-09-11T20:30:00+00:00,2908,48.5,Dinner,2,Fri,Wed,16,278278,wisely
2026-09-09T20:02:26+00:00,2026-09-11T20:30:00+00:00,2908,48.5,Dinner,4,Fri,Wed,16,278278,wisely
2026-09-09T00:28:08+00:00,2026-09-11T20:45:00+00:00,4097,68.3,Dinner,2,Fri,Tue,16,278278,wisely
2026-09-09T00:28:08+00:00,2026-09-11T20:45:00+00:00,4097,68.3,Dinner,4,Fri,Tue,16,278278,wisely
2026-09-08T17:31:12+00:00,2026-09-11T21:15:00+00:00,4544,75.7,Dinner,2,Fri,Tue,17,278278,wisely
2026-09-08T17:31:13+00:00,2026-09-11T21:15:00+00:00,4544,75.7,Dinner,4,Fri,Tue,17,278278,wisely
2026-09-11T01:31:18+00:00,2026-09-11T22:15:00+00:00,1244,20.7,Dinner,2,Fri,Thu,18,278278,wisely
2026-09-11T01:31:19+00:00,2026-09-11T22:15:00+00:00,1244,20.7,Dinner,4,Fri,Thu,18,278278,wisely
2026-09-08T17:31:12+00:00,2026-09-12T01:00:00+00:00,4769,79.5,Dinner,2,Fri,Tue,21,278278,wisely
2026-09-08T17:31:13+00:00,2026-09-12T01:00:00+00:00,4769,79.5,Dinner,4,Fri,Tue,21,278278,wisely
2026-09-10T05:06:32+00:00,2026-09-12T15:30:00+00:00,3503,58.4,Lunch,2,Sat,Thu,11,278278,wisely
2026-09-11T15:16:33+00:00,2026-09-12T15:30:00+00:00,1453,24.2,Lunch,4,Sat,Fri,11,278278,wisely
2026-09-10T05:06:32+00:00,2026-09-12T15:45:00+00:00,3518,58.6,Lunch,2,Sat,Thu,11,278278,wisely
2026-09-10T05:06:33+00:00,2026-09-12T15:45:00+00:00,3518,58.6,Lunch,4,Sat,Thu,11,278278,wisely
2026-09-10T05:06:33+00:00,2026-09-12T16:00:00+00:00,3533,58.9,Lunch,2,Sat,Thu,12,278278,wisely
2026-09-10T05:06:34+00:00,2026-09-12T16:00:00+00:00,3533,58.9,Lunch,4,Sat,Thu,12,278278,wisely
2026-09-10T05:06:35+00:00,2026-09-12T16:15:00+00:00,3548,59.1,Lunch,2,Sat,Thu,12,278278,wisely
2026-09-10T05:06:34+00:00,2026-09-12T16:15:00+00:00,3548,59.1,Lunch,4,Sat,Thu,12,278278,wisely
2026-09-10T05:06:36+00:00,2026-09-12T16:30:00+00:00,3563,59.4,Lunch,2,Sat,Thu,12,278278,wisely
2026-09-10T05:06:37+00:00,2026-09-12T16:45:00+00:00,3578,59.6,Lunch,2,Sat,Thu,12,278278,wisely
2026-09-12T09:49:57+00:00,2026-09-12T16:45:00+00:00,415,6.9,Lunch,4,Sat,Sat,12,278278,wisely
2026-09-11T15:16:33+00:00,2026-09-12T17:00:00+00:00,1543,25.7,Lunch,2,Sat,Fri,13,278278,wisely
2026-09-11T15:16:34+00:00,2026-09-12T17:00:00+00:00,1543,25.7,Lunch,4,Sat,Fri,13,278278,wisely
2026-09-10T05:06:38+00:00,2026-09-12T17:30:00+00:00,3623,60.4,Lunch,2,Sat,Thu,13,278278,wisely
2026-09-10T05:06:39+00:00,2026-09-12T17:45:00+00:00,3638,60.6,Lunch,2,Sat,Thu,13,278278,wisely
2026-09-10T05:06:38+00:00,2026-09-12T17:45:00+00:00,3638,60.6,Lunch,4,Sat,Thu,13,278278,wisely
2026-09-10T05:06:40+00:00,2026-09-12T18:00:00+00:00,3653,60.9,Lunch,2,Sat,Thu,14,278278,wisely
2026-09-10T05:06:41+00:00,2026-09-12T18:15:00+00:00,3668,61.1,Lunch,2,Sat,Thu,14,278278,wisely
2026-09-10T05:06:39+00:00,2026-09-12T18:15:00+00:00,3668,61.1,Lunch,4,Sat,Thu,14,278278,wisely
2026-09-10T05:06:40+00:00,2026-09-12T18:30:00+00:00,3683,61.4,Lunch,4,Sat,Thu,14,278278,wisely
2026-09-10T17:20:12+00:00,2026-09-12T19:15:00+00:00,2995,49.9,Lunch,4,Sat,Thu,15,278278,wisely
2026-09-11T15:16:47+00:00,2026-09-12T19:30:00+00:00,1693,28.2,Lunch,2,Sat,Fri,15,278278,wisely
2026-09-10T19:49:26+00:00,2026-09-12T19:30:00+00:00,2861,47.7,Lunch,4,Sat,Thu,15,278278,wisely
2026-09-11T15:16:22+00:00,2026-09-12T21:30:00+00:00,1814,30.2,Dinner,2,Sat,Fri,17,278278,wisely
2026-09-11T15:16:23+00:00,2026-09-12T21:30:00+00:00,1814,30.2,Dinner,4,Sat,Fri,17,278278,wisely
2026-09-12T00:22:56+00:00,2026-09-12T23:45:00+00:00,1402,23.4,Dinner,2,Sat,Fri,19,278278,wisely
2026-09-11T06:35:17+00:00,2026-09-13T00:00:00+00:00,2485,41.4,Dinner,2,Sat,Fri,20,278278,wisely
2026-09-12T05:54:03+00:00,2026-09-13T01:00:00+00:00,1146,19.1,Dinner,2,Sat,Sat,21,278278,wisely
2026-09-09T20:03:16+00:00,2026-09-13T01:15:00+00:00,4632,77.2,Dinner,2,Sat,Wed,21,278278,wisely
2026-09-09T20:03:17+00:00,2026-09-13T01:15:00+00:00,4632,77.2,Dinner,4,Sat,Wed,21,278278,wisely
2026-09-09T05:16:14+00:00,2026-09-13T01:45:00+00:00,5549,92.5,Dinner,2,Sat,Wed,21,278278,wisely
2026-09-09T05:16:14+00:00,2026-09-13T01:45:00+00:00,5549,92.5,Dinner,4,Sat,Wed,21,278278,wisely
2026-09-11T06:35:43+00:00,2026-09-13T15:30:00+00:00,3414,56.9,Lunch,2,Sun,Fri,11,278278,wisely
2026-09-12T22:39:06+00:00,2026-09-13T15:30:00+00:00,1011,16.8,Lunch,4,Sun,Sat,11,278278,wisely
2026-09-11T06:35:44+00:00,2026-09-13T15:45:00+00:00,3429,57.2,Lunch,2,Sun,Fri,11,278278,wisely
2026-09-11T06:35:44+00:00,2026-09-13T16:15:00+00:00,3459,57.7,Lunch,2,Sun,Fri,12,278278,wisely
2026-09-11T06:35:46+00:00,2026-09-13T16:45:00+00:00,3489,58.2,Lunch,2,Sun,Fri,12,278278,wisely
2026-09-12T13:10:57+00:00,2026-09-13T17:00:00+00:00,1669,27.8,Lunch,2,Sun,Sat,13,278278,wisely
2026-09-11T06:35:48+00:00,2026-09-13T18:15:00+00:00,3579,59.7,Lunch,2,Sun,Fri,14,278278,wisely
2026-09-12T13:10:59+00:00,2026-09-13T18:30:00+00:00,1759,29.3,Lunch,2,Sun,Sat,14,278278,wisely
2026-09-12T13:10:53+00:00,2026-09-13T18:30:00+00:00,1759,29.3,Lunch,4,Sun,Sat,14,278278,wisely
2026-09-11T06:35:49+00:00,2026-09-13T18:45:00+00:00,3609,60.2,Lunch,2,Sun,Fri,14,278278,wisely
2026-09-11T18:39:15+00:00,2026-09-13T19:45:00+00:00,2946,49.1,Lunch,2,Sun,Fri,15,278278,wisely
2026-09-11T18:39:04+00:00,2026-09-13T19:45:00+00:00,2946,49.1,Lunch,4,Sun,Fri,15,278278,wisely
2026-09-13T03:31:12+00:00,2026-09-13T20:15:00+00:00,1004,16.7,Lunch,2,Sun,Sat,16,278278,wisely
2026-09-13T03:31:13+00:00,2026-09-13T20:15:00+00:00,1004,16.7,Lunch,4,Sun,Sat,16,278278,wisely
2026-09-13T00:18:58+00:00,2026-09-13T21:00:00+00:00,1241,20.7,Dinner,2,Sun,Sat,17,278278,wisely
2026-09-13T00:19:00+00:00,2026-09-13T21:00:00+00:00,1241,20.7,Dinner,4,Sun,Sat,17,278278,wisely
2026-09-10T22:20:09+00:00,2026-09-13T23:00:00+00:00,4360,72.7,Dinner,2,Sun,Thu,19,278278,wisely
2026-09-10T22:20:10+00:00,2026-09-13T23:00:00+00:00,4360,72.7,Dinner,4,Sun,Thu,19,278278,wisely
2026-09-12T23:55:03+00:00,2026-09-14T00:45:00+00:00,1490,24.8,Dinner,2,Sun,Sat,20,278278,wisely
2026-09-12T23:55:04+00:00,2026-09-14T00:45:00+00:00,1490,24.8,Dinner,4,Sun,Sat,20,278278,wisely
2026-09-10T05:06:42+00:00,2026-09-14T01:15:00+00:00,5528,92.1,Dinner,2,Sun,Thu,21,278278,wisely
2026-09-10T05:06:43+00:00,2026-09-14T01:15:00+00:00,5528,92.1,Dinner,4,Sun,Thu,21,278278,wisely
2026-09-12T05:54:49+00:00,2026-09-14T15:30:00+00:00,3455,57.6,Lunch,2,Mon,Sat,11,278278,wisely
2026-09-12T05:54:50+00:00,2026-09-14T15:30:00+00:00,3455,57.6,Lunch,4,Mon,Sat,11,278278,wisely
2026-09-12T05:54:49+00:00,2026-09-14T15:45:00+00:00,3470,57.8,Lunch,2,Mon,Sat,11,278278,wisely
2026-09-12T05:54:51+00:00,2026-09-14T15:45:00+00:00,3470,57.8,Lunch,4,Mon,Sat,11,278278,wisely
2026-09-12T05:54:50+00:00,2026-09-14T16:00:00+00:00,3485,58.1,Lunch,2,Mon,Sat,12,278278,wisely
2026-09-12T05:54:51+00:00,2026-09-14T16:00:00+00:00,3485,58.1,Lunch,4,Mon,Sat,12,278278,wisely
2026-09-12T05:54:53+00:00,2026-09-14T17:00:00+00:00,3545,59.1,Lunch,2,Mon,Sat,13,278278,wisely
2026-09-12T05:54:54+00:00,2026-09-14T17:00:00+00:00,3545,59.1,Lunch,4,Mon,Sat,13,278278,wisely
2026-09-12T05:54:54+00:00,2026-09-14T17:15:00+00:00,3560,59.3,Lunch,2,Mon,Sat,13,278278,wisely
2026-09-13T14:18:45+00:00,2026-09-14T17:15:00+00:00,1616,26.9,Lunch,4,Mon,Sun,13,278278,wisely
2026-09-12T05:54:56+00:00,2026-09-14T17:30:00+00:00,3575,59.6,Lunch,2,Mon,Sat,13,278278,wisely
2026-09-12T05:54:55+00:00,2026-09-14T17:30:00+00:00,3575,59.6,Lunch,4,Mon,Sat,13,278278,wisely
2026-09-12T05:54:57+00:00,2026-09-14T17:45:00+00:00,3590,59.8,Lunch,2,Mon,Sat,13,278278,wisely
2026-09-12T05:54:56+00:00,2026-09-14T17:45:00+00:00,3590,59.8,Lunch,4,Mon,Sat,13,278278,wisely
2026-09-12T05:54:58+00:00,2026-09-14T18:00:00+00:00,3605,60.1,Lunch,2,Mon,Sat,14,278278,wisely
2026-09-12T05:54:58+00:00,2026-09-14T18:00:00+00:00,3605,60.1,Lunch,4,Mon,Sat,14,278278,wisely
2026-09-12T05:54:59+00:00,2026-09-14T18:15:00+00:00,3620,60.3,Lunch,2,Mon,Sat,14,278278,wisely
2026-09-12T05:55:00+00:00,2026-09-14T18:15:00+00:00,3620,60.3,Lunch,4,Mon,Sat,14,278278,wisely
2026-09-14T18:51:31+00:00,2026-09-14T19:15:00+00:00,23,0.4,Lunch,2,Mon,Mon,15,278278,wisely
2026-09-14T18:51:34+00:00,2026-09-14T19:15:00+00:00,23,0.4,Lunch,4,Mon,Mon,15,278278,wisely
2026-09-14T18:51:32+00:00,2026-09-14T19:30:00+00:00,38,0.6,Lunch,2,Mon,Mon,15,278278,wisely
2026-09-14T18:51:34+00:00,2026-09-14T19:30:00+00:00,38,0.6,Lunch,4,Mon,Mon,15,278278,wisely
2026-09-14T18:51:33+00:00,2026-09-14T19:45:00+00:00,53,0.9,Lunch,2,Mon,Mon,15,278278,wisely
2026-09-14T18:51:35+00:00,2026-09-14T19:45:00+00:00,53,0.9,Lunch,4,Mon,Mon,15,278278,wisely
2026-09-11T06:35:50+00:00,2026-09-14T20:30:00+00:00,5154,85.9,Dinner,2,Mon,Fri,16,278278,wisely
2026-09-11T06:35:51+00:00,2026-09-14T20:30:00+00:00,5154,85.9,Dinner,4,Mon,Fri,16,278278,wisely
2026-09-13T14:18:25+00:00,2026-09-14T21:00:00+00:00,1842,30.7,Dinner,2,Mon,Sun,17,278278,wisely
2026-09-13T14:18:26+00:00,2026-09-14T21:00:00+00:00,1842,30.7,Dinner,4,Mon,Sun,17,278278,wisely
2026-09-12T18:28:54+00:00,2026-09-14T21:15:00+00:00,3046,50.8,Dinner,2,Mon,Sat,17,278278,wisely
2026-09-13T14:18:26+00:00,2026-09-14T22:00:00+00:00,1902,31.7,Dinner,2,Mon,Sun,18,278278,wisely
2026-09-13T14:18:26+00:00,2026-09-14T22:00:00+00:00,1902,31.7,Dinner,4,Mon,Sun,18,278278,wisely
2026-09-13T14:18:27+00:00,2026-09-14T22:15:00+00:00,1917,31.9,Dinner,2,Mon,Sun,18,278278,wisely
2026-09-13T14:18:27+00:00,2026-09-14T22:15:00+00:00,1917,31.9,Dinner,4,Mon,Sun,18,278278,wisely
2026-09-14T01:32:26+00:00,2026-09-14T22:45:00+00:00,1273,21.2,Dinner,2,Mon,Sun,18,278278,wisely
2026-09-14T01:32:28+00:00,2026-09-14T22:45:00+00:00,1273,21.2,Dinner,4,Mon,Sun,18,278278,wisely
2026-09-13T14:18:30+00:00,2026-09-15T00:45:00+00:00,2066,34.4,Dinner,2,Mon,Sun,20,278278,wisely
2026-09-13T14:18:31+00:00,2026-09-15T00:45:00+00:00,2066,34.4,Dinner,4,Mon,Sun,20,278278,wisely
2026-09-13T23:32:24+00:00,2026-09-15T01:00:00+00:00,1528,25.5,Dinner,2,Mon,Sun,21,278278,wisely
2026-09-13T23:32:25+00:00,2026-09-15T01:00:00+00:00,1528,25.5,Dinner,4,Mon,Sun,21,278278,wisely
2026-09-13T03:31:21+00:00,2026-09-15T01:15:00+00:00,2744,45.7,Dinner,2,Mon,Sat,21,278278,wisely
2026-09-11T06:35:51+00:00,2026-09-15T01:30:00+00:00,5454,90.9,Dinner,2,Mon,Fri,21,278278,wisely
2026-09-11T06:35:52+00:00,2026-09-15T01:30:00+00:00,5454,90.9,Dinner,4,Mon,Fri,21,278278,wisely
2026-09-11T06:35:51+00:00,2026-09-15T01:45:00+00:00,5469,91.2,Dinner,2,Mon,Fri,21,278278,wisely
2026-09-11T06:35:52+00:00,2026-09-15T01:45:00+00:00,5469,91.2,Dinner,4,Mon,Fri,21,278278,wisely
2026-09-13T04:59:05+00:00,2026-09-15T15:30:00+00:00,3511,58.5,Lunch,2,Tue,Sun,11,278278,wisely
2026-09-13T04:59:06+00:00,2026-09-15T15:30:00+00:00,3511,58.5,Lunch,4,Tue,Sun,11,278278,wisely
2026-09-14T13:38:21+00:00,2026-09-15T15:45:00+00:00,1567,26.1,Lunch,2,Tue,Mon,11,278278,wisely
2026-09-14T13:38:22+00:00,2026-09-15T15:45:00+00:00,1567,26.1,Lunch,4,Tue,Mon,11,278278,wisely
2026-09-13T22:11:28+00:00,2026-09-15T17:00:00+00:00,2569,42.8,Lunch,2,Tue,Sun,13,278278,wisely
2026-09-13T22:11:29+00:00,2026-09-15T17:00:00+00:00,2569,42.8,Lunch,4,Tue,Sun,13,278278,wisely
2026-09-13T04:59:05+00:00,2026-09-15T17:45:00+00:00,3646,60.8,Lunch,2,Tue,Sun,13,278278,wisely
2026-09-13T04:59:07+00:00,2026-09-15T17:45:00+00:00,3646,60.8,Lunch,4,Tue,Sun,13,278278,wisely
2026-09-13T04:59:06+00:00,2026-09-15T18:00:00+00:00,3661,61.0,Lunch,2,Tue,Sun,14,278278,wisely
2026-09-13T04:59:07+00:00,2026-09-15T18:00:00+00:00,3661,61.0,Lunch,4,Tue,Sun,14,278278,wisely
2026-09-13T04:59:09+00:00,2026-09-15T18:15:00+00:00,3676,61.3,Lunch,2,Tue,Sun,14,278278,wisely
2026-09-13T04:59:09+00:00,2026-09-15T18:15:00+00:00,3676,61.3,Lunch,4,Tue,Sun,14,278278,wisely
2026-09-15T05:20:52+00:00,2026-09-15T14:30:00-04:00,789,13.2,Lunch,2,Tue,Tue,14,278278,wisely
2026-09-15T00:35:25+00:00,2026-09-15T18:30:00+00:00,1075,17.9,Lunch,4,Tue,Mon,14,278278,wisely
2026-09-15T10:11:00+00:00,2026-09-15T18:45:00+00:00,514,8.6,Lunch,4,Tue,Tue,14,278278,wisely
2026-09-15T18:50:39+00:00,2026-09-15T19:15:00+00:00,24,0.4,Lunch,2,Tue,Tue,15,278278,wisely
2026-09-15T18:50:41+00:00,2026-09-15T19:15:00+00:00,24,0.4,Lunch,4,Tue,Tue,15,278278,wisely
2026-09-15T18:50:40+00:00,2026-09-15T19:30:00+00:00,39,0.7,Lunch,2,Tue,Tue,15,278278,wisely
2026-09-15T18:50:41+00:00,2026-09-15T19:30:00+00:00,39,0.7,Lunch,4,Tue,Tue,15,278278,wisely
2026-09-15T18:50:40+00:00,2026-09-15T19:45:00+00:00,54,0.9,Lunch,2,Tue,Tue,15,278278,wisely
2026-09-15T18:50:42+00:00,2026-09-15T19:45:00+00:00,54,0.9,Lunch,4,Tue,Tue,15,278278,wisely
2026-09-15T00:35:03+00:00,2026-09-15T22:15:00+00:00,1300,21.7,Dinner,2,Tue,Mon,18,278278,wisely
2026-09-15T00:35:04+00:00,2026-09-15T22:15:00+00:00,1300,21.7,Dinner,4,Tue,Mon,18,278278,wisely
2026-09-13T14:18:54+00:00,2026-09-15T22:30:00+00:00,3371,56.2,Dinner,2,Tue,Sun,18,278278,wisely
2026-09-13T14:18:55+00:00,2026-09-15T22:30:00+00:00,3371,56.2,Dinner,4,Tue,Sun,18,278278,wisely
2026-09-14T00:13:52+00:00,2026-09-15T23:15:00+00:00,2821,47.0,Dinner,2,Tue,Sun,19,278278,wisely
2026-09-12T05:55:00+00:00,2026-09-16T01:00:00+00:00,5465,91.1,Dinner,2,Tue,Sat,21,278278,wisely
2026-09-15T00:35:11+00:00,2026-09-16T01:00:00+00:00,1465,24.4,Dinner,4,Tue,Mon,21,278278,wisely
2026-09-12T05:55:01+00:00,2026-09-16T01:15:00+00:00,5480,91.3,Dinner,2,Tue,Sat,21,278278,wisely
2026-09-13T17:27:24+00:00,2026-09-16T01:15:00+00:00,3348,55.8,Dinner,4,Tue,Sun,21,278278,wisely
2026-09-12T05:55:01+00:00,2026-09-16T01:30:00+00:00,5495,91.6,Dinner,2,Tue,Sat,21,278278,wisely
2026-09-13T17:27:24+00:00,2026-09-16T01:30:00+00:00,3363,56.0,Dinner,4,Tue,Sun,21,278278,wisely
2026-09-12T05:55:11+00:00,2026-09-16T01:45:00+00:00,5510,91.8,Dinner,2,Tue,Sat,21,278278,wisely
2026-09-12T05:55:02+00:00,2026-09-16T01:45:00+00:00,5510,91.8,Dinner,4,Tue,Sat,21,278278,wisely
2026-09-14T06:57:12+00:00,2026-09-16T15:30:00+00:00,3393,56.5,Lunch,2,Wed,Mon,11,278278,wisely
2026-09-14T06:57:13+00:00,2026-09-16T15:30:00+00:00,3393,56.5,Lunch,4,Wed,Mon,11,278278,wisely
2026-09-14T06:57:13+00:00,2026-09-16T15:45:00+00:00,3408,56.8,Lunch,2,Wed,Mon,11,278278,wisely
2026-09-14T06:57:14+00:00,2026-09-16T15:45:00+00:00,3408,56.8,Lunch,4,Wed,Mon,11,278278,wisely
2026-09-14T18:52:36+00:00,2026-09-16T16:00:00+00:00,2707,45.1,Lunch,2,Wed,Mon,12,278278,wisely
2026-09-14T18:52:38+00:00,2026-09-16T16:00:00+00:00,2707,45.1,Lunch,4,Wed,Mon,12,278278,wisely
2026-09-14T06:57:13+00:00,2026-09-16T17:15:00+00:00,3498,58.3,Lunch,2,Wed,Mon,13,278278,wisely
2026-09-14T06:57:14+00:00,2026-09-16T17:15:00+00:00,3498,58.3,Lunch,4,Wed,Mon,13,278278,wisely
2026-09-14T06:57:16+00:00,2026-09-16T17:30:00+00:00,3513,58.5,Lunch,2,Wed,Mon,13,278278,wisely
2026-09-15T21:48:25+00:00,2026-09-16T17:30:00+00:00,1182,19.7,Lunch,4,Wed,Tue,13,278278,wisely
2026-09-14T06:57:17+00:00,2026-09-16T17:45:00+00:00,3528,58.8,Lunch,2,Wed,Mon,13,278278,wisely
2026-09-14T06:57:17+00:00,2026-09-16T17:45:00+00:00,3528,58.8,Lunch,4,Wed,Mon,13,278278,wisely
2026-09-14T06:57:19+00:00,2026-09-16T18:00:00+00:00,3543,59.0,Lunch,2,Wed,Mon,14,278278,wisely
2026-09-14T06:57:18+00:00,2026-09-16T18:00:00+00:00,3543,59.0,Lunch,4,Wed,Mon,14,278278,wisely
2026-09-14T06:57:19+00:00,2026-09-16T18:15:00+00:00,3558,59.3,Lunch,2,Wed,Mon,14,278278,wisely
2026-09-14T06:57:20+00:00,2026-09-16T18:15:00+00:00,3558,59.3,Lunch,4,Wed,Mon,14,278278,wisely
2026-09-15T15:00:52+00:00,2026-09-16T18:30:00+00:00,1649,27.5,Lunch,2,Wed,Tue,14,278278,wisely
2026-09-16T17:06:36+00:00,2026-09-16T18:30:00+00:00,83,1.4,Lunch,4,Wed,Wed,14,278278,wisely
2026-09-15T18:50:54+00:00,2026-09-16T18:45:00+00:00,1434,23.9,Lunch,2,Wed,Tue,14,278278,wisely
2026-09-15T15:00:35+00:00,2026-09-16T18:45:00+00:00,1664,27.7,Lunch,4,Wed,Tue,14,278278,wisely
2026-09-16T06:52:18+00:00,2026-09-16T19:00:00+00:00,728,12.1,Lunch,2,Wed,Wed,15,278278,wisely
2026-09-15T15:00:55+00:00,2026-09-16T19:00:00+00:00,1679,28.0,Lunch,4,Wed,Tue,15,278278,wisely
2026-09-16T06:52:19+00:00,2026-09-16T19:15:00+00:00,743,12.4,Lunch,4,Wed,Wed,15,278278,wisely
2026-09-15T15:00:24+00:00,2026-09-16T20:30:00+00:00,1770,29.5,Dinner,2,Wed,Tue,16,278278,wisely
2026-09-15T15:00:25+00:00,2026-09-16T20:30:00+00:00,1770,29.5,Dinner,4,Wed,Tue,16,278278,wisely
2026-09-13T04:59:11+00:00,2026-09-17T01:45:00+00:00,5566,92.8,Dinner,2,Wed,Sun,21,278278,wisely
2026-09-13T04:59:11+00:00,2026-09-17T01:45:00+00:00,5566,92.8,Dinner,4,Wed,Sun,21,278278,wisely
2026-09-15T05:21:22+00:00,2026-09-17T11:30:00-04:00,3489,58.1,Lunch,2,Thu,Tue,11,278278,wisely
2026-09-15T05:21:23+00:00,2026-09-17T11:30:00-04:00,3489,58.1,Lunch,4,Thu,Tue,11,278278,wisely
2026-09-15T15:01:07+00:00,2026-09-17T16:45:00+00:00,2984,49.7,Lunch,2,Thu,Tue,12,278278,wisely
2026-09-15T15:01:08+00:00,2026-09-17T16:45:00+00:00,2984,49.7,Lunch,4,Thu,Tue,12,278278,wisely
2026-09-17T15:12:00+00:00,2026-09-17T17:00:00+00:00,108,1.8,Dinner,2,Thu,Thu,13,278278,wisely
2026-09-17T15:12:01+00:00,2026-09-17T17:30:00+00:00,138,2.3,Dinner,2,Thu,Thu,13,278278,wisely
2026-09-17T05:46:54+00:00,2026-09-17T17:30:00+00:00,703,11.7,Lunch,2,Thu,Thu,13,278278,wisely
2026-09-17T05:46:56+00:00,2026-09-17T17:30:00+00:00,703,11.7,Lunch,4,Thu,Thu,13,278278,wisely
2026-09-16T12:14:26+00:00,2026-09-17T18:00:00+00:00,1786,29.8,Lunch,2,Thu,Wed,14,278278,wisely
2026-09-16T12:14:27+00:00,2026-09-17T18:00:00+00:00,1786,29.8,Lunch,4,Thu,Wed,14,278278,wisely
2026-09-15T05:21:22+00:00,2026-09-17T14:15:00-04:00,3654,60.9,Lunch,2,Thu,Tue,14,278278,wisely
2026-09-15T05:21:23+00:00,2026-09-17T14:15:00-04:00,3654,60.9,Lunch,4,Thu,Tue,14,278278,wisely
2026-09-15T05:21:23+00:00,2026-09-17T14:30:00-04:00,3669,61.1,Lunch,2,Thu,Tue,14,278278,wisely
2026-09-15T05:21:23+00:00,2026-09-17T14:30:00-04:00,3669,61.1,Lunch,4,Thu,Tue,14,278278,wisely
2026-09-15T05:21:26+00:00,2026-09-17T14:45:00-04:00,3684,61.4,Lunch,2,Thu,Tue,14,278278,wisely
2026-09-15T05:21:27+00:00,2026-09-17T14:45:00-04:00,3684,61.4,Lunch,4,Thu,Tue,14,278278,wisely
2026-09-16T22:41:35+00:00,2026-09-17T19:00:00+00:00,1218,20.3,Lunch,2,Thu,Wed,15,278278,wisely
2026-09-15T21:48:57+00:00,2026-09-17T19:00:00+00:00,2711,45.2,Lunch,4,Thu,Tue,15,278278,wisely
2026-09-16T01:47:02+00:00,2026-09-17T19:15:00+00:00,2488,41.5,Lunch,4,Thu,Tue,15,278278,wisely
2026-09-16T17:07:20+00:00,2026-09-17T20:30:00+00:00,1643,27.4,Dinner,2,Thu,Wed,16,278278,wisely
2026-09-16T17:07:23+00:00,2026-09-17T20:30:00+00:00,1643,27.4,Dinner,4,Thu,Wed,16,278278,wisely
2026-09-15T18:51:16+00:00,2026-09-17T20:45:00+00:00,2994,49.9,Dinner,2,Thu,Tue,16,278278,wisely
2026-09-16T20:04:24+00:00,2026-09-18T01:45:00+00:00,1781,29.7,Dinner,2,Thu,Wed,21,278278,wisely
2026-09-16T06:52:46+00:00,2026-09-18T15:30:00+00:00,3397,56.6,Lunch,2,Fri,Wed,11,278278,wisely
2026-09-16T06:52:47+00:00,2026-09-18T15:30:00+00:00,3397,56.6,Lunch,4,Fri,Wed,11,278278,wisely
2026-09-16T06:52:47+00:00,2026-09-18T15:45:00+00:00,3412,56.9,Lunch,2,Fri,Wed,11,278278,wisely
2026-09-16T06:52:48+00:00,2026-09-18T15:45:00+00:00,3412,56.9,Lunch,4,Fri,Wed,11,278278,wisely
2026-09-18T13:39:01+00:00,2026-09-18T16:00:00+00:00,141,2.3,Dinner,2,Fri,Fri,12,278278,wisely
2026-09-16T06:52:47+00:00,2026-09-18T16:00:00+00:00,3427,57.1,Lunch,2,Fri,Wed,12,278278,wisely
2026-09-16T06:52:48+00:00,2026-09-18T16:00:00+00:00,3427,57.1,Lunch,4,Fri,Wed,12,278278,wisely
2026-09-17T19:05:26+00:00,2026-09-18T17:00:00+00:00,1315,21.9,Lunch,2,Fri,Thu,13,278278,wisely
2026-09-17T15:12:52+00:00,2026-09-18T17:30:00+00:00,1577,26.3,Lunch,2,Fri,Thu,13,278278,wisely
2026-09-16T06:52:50+00:00,2026-09-18T17:45:00+00:00,3532,58.9,Lunch,2,Fri,Wed,13,278278,wisely
2026-09-16T06:52:51+00:00,2026-09-18T18:00:00+00:00,3547,59.1,Lunch,2,Fri,Wed,14,278278,wisely
2026-09-16T06:52:51+00:00,2026-09-18T18:00:00+00:00,3547,59.1,Lunch,4,Fri,Wed,14,278278,wisely
2026-09-16T06:52:52+00:00,2026-09-18T18:15:00+00:00,3562,59.4,Lunch,2,Fri,Wed,14,278278,wisely
2026-09-16T06:52:53+00:00,2026-09-18T18:15:00+00:00,3562,59.4,Lunch,4,Fri,Wed,14,278278,wisely
2026-09-17T05:47:12+00:00,2026-09-18T18:30:00+00:00,2203,36.7,Lunch,2,Fri,Thu,14,278278,wisely
2026-09-16T06:52:53+00:00,2026-09-18T18:30:00+00:00,3577,59.6,Lunch,4,Fri,Wed,14,278278,wisely
2026-09-18T17:12:09+00:00,2026-09-18T18:45:00+00:00,93,1.5,Lunch,2,Fri,Fri,14,278278,wisely
2026-09-17T05:47:13+00:00,2026-09-18T18:45:00+00:00,2218,37.0,Lunch,4,Fri,Thu,14,278278,wisely
2026-09-18T17:12:10+00:00,2026-09-18T19:00:00+00:00,108,1.8,Lunch,2,Fri,Fri,15,278278,wisely
2026-09-17T15:12:59+00:00,2026-09-18T19:00:00+00:00,1667,27.8,Lunch,4,Fri,Thu,15,278278,wisely
2026-09-17T05:47:01+00:00,2026-09-18T20:30:00+00:00,2323,38.7,Dinner,2,Fri,Thu,16,278278,wisely
2026-09-15T15:01:29+00:00,2026-09-19T01:00:00+00:00,4919,82.0,Dinner,2,Fri,Tue,21,278278,wisely
2026-09-16T01:47:25+00:00,2026-09-19T01:45:00+00:00,4318,72.0,Dinner,2,Fri,Tue,21,278278,wisely
2026-09-17T05:47:20+00:00,2026-09-19T15:30:00+00:00,3463,57.7,Lunch,2,Sat,Thu,11,278278,wisely
2026-09-17T05:47:20+00:00,2026-09-19T15:45:00+00:00,3478,58.0,Lunch,2,Sat,Thu,11,278278,wisely
2026-09-19T01:37:10+00:00,2026-09-19T15:45:00+00:00,848,14.1,Lunch,4,Sat,Fri,11,278278,wisely
2026-09-18T17:12:37+00:00,2026-09-19T16:00:00+00:00,1367,22.8,Lunch,2,Sat,Fri,12,278278,wisely
2026-09-18T17:12:38+00:00,2026-09-19T16:00:00+00:00,1367,22.8,Lunch,4,Sat,Fri,12,278278,wisely
2026-09-19T01:37:10+00:00,2026-09-19T17:30:00+00:00,953,15.9,Lunch,2,Sat,Fri,13,278278,wisely
2026-09-19T01:37:11+00:00,2026-09-19T17:30:00+00:00,953,15.9,Lunch,4,Sat,Fri,13,278278,wisely
2026-09-18T13:39:49+00:00,2026-09-19T17:45:00+00:00,1685,28.1,Lunch,2,Sat,Fri,13,278278,wisely
2026-09-18T13:39:50+00:00,2026-09-19T17:45:00+00:00,1685,28.1,Lunch,4,Sat,Fri,13,278278,wisely
2026-09-19T01:37:10+00:00,2026-09-19T18:15:00+00:00,998,16.6,Lunch,2,Sat,Fri,14,278278,wisely
2026-09-18T19:42:32+00:00,2026-09-19T19:00:00+00:00,1397,23.3,Lunch,2,Sat,Fri,15,278278,wisely
2026-09-19T11:31:26+00:00,2026-09-19T20:15:00+00:00,524,8.7,Lunch,2,Sat,Sat,16,278278,wisely
2026-09-19T11:31:27+00:00,2026-09-19T20:15:00+00:00,524,8.7,Lunch,4,Sat,Sat,16,278278,wisely
2026-09-19T11:31:16+00:00,2026-09-19T20:45:00+00:00,554,9.2,Dinner,2,Sat,Sat,16,278278,wisely
2026-09-18T17:12:30+00:00,2026-09-20T01:15:00+00:00,1922,32.0,Dinner,2,Sat,Fri,21,278278,wisely
2026-09-18T04:42:40+00:00,2026-09-20T15:30:00+00:00,3527,58.8,Lunch,2,Sun,Fri,11,278278,wisely
2026-09-19T17:28:18+00:00,2026-09-20T15:45:00+00:00,1337,22.3,Lunch,2,Sun,Sat,11,278278,wisely
2026-09-19T14:43:18+00:00,2026-09-20T16:15:00+00:00,1532,25.5,Lunch,2,Sun,Sat,12,278278,wisely
2026-09-19T14:43:19+00:00,2026-09-20T16:15:00+00:00,1532,25.5,Lunch,4,Sun,Sat,12,278278,wisely
2026-09-19T17:28:18+00:00,2026-09-20T17:15:00+00:00,1427,23.8,Lunch,2,Sun,Sat,13,278278,wisely
2026-09-19T17:28:18+00:00,2026-09-20T17:15:00+00:00,1427,23.8,Lunch,4,Sun,Sat,13,278278,wisely
2026-09-20T01:32:34+00:00,2026-09-20T17:30:00+00:00,957,16.0,Lunch,2,Sun,Sat,13,278278,wisely
2026-09-19T14:43:19+00:00,2026-09-20T18:15:00+00:00,1652,27.5,Lunch,2,Sun,Sat,14,278278,wisely
2026-09-19T14:43:20+00:00,2026-09-20T18:15:00+00:00,1652,27.5,Lunch,4,Sun,Sat,14,278278,wisely
2026-09-18T19:42:50+00:00,2026-09-20T18:30:00+00:00,2807,46.8,Lunch,2,Sun,Fri,14,278278,wisely
2026-09-18T19:42:51+00:00,2026-09-20T18:30:00+00:00,2807,46.8,Lunch,4,Sun,Fri,14,278278,wisely
2026-09-19T19:30:26+00:00,2026-09-20T18:45:00+00:00,1395,23.2,Lunch,2,Sun,Sat,14,278278,wisely
2026-09-19T19:30:27+00:00,2026-09-20T18:45:00+00:00,1395,23.2,Lunch,4,Sun,Sat,14,278278,wisely
2026-09-18T22:22:19+00:00,2026-09-20T19:00:00+00:00,2678,44.6,Lunch,2,Sun,Fri,15,278278,wisely
2026-09-19T14:43:24+00:00,2026-09-20T19:15:00+00:00,1712,28.5,Lunch,2,Sun,Sat,15,278278,wisely
2026-09-20T11:54:01+00:00,2026-09-20T20:30:00+00:00,516,8.6,Dinner,2,Sun,Sun,16,278278,wisely
2026-09-20T11:54:02+00:00,2026-09-20T20:30:00+00:00,516,8.6,Dinner,4,Sun,Sun,16,278278,wisely
2026-09-19T14:43:06+00:00,2026-09-20T21:45:00+00:00,1862,31.0,Dinner,2,Sun,Sat,17,278278,wisely
2026-09-19T14:43:08+00:00,2026-09-20T21:45:00+00:00,1862,31.0,Dinner,4,Sun,Sat,17,278278,wisely
2026-09-19T14:43:06+00:00,2026-09-20T22:00:00+00:00,1877,31.3,Dinner,2,Sun,Sat,18,278278,wisely
2026-09-19T14:43:08+00:00,2026-09-20T22:00:00+00:00,1877,31.3,Dinner,4,Sun,Sat,18,278278,wisely
2026-09-19T14:43:07+00:00,2026-09-20T22:45:00+00:00,1922,32.0,Dinner,2,Sun,Sat,18,278278,wisely
2026-09-19T14:43:09+00:00,2026-09-20T22:45:00+00:00,1922,32.0,Dinner,4,Sun,Sat,18,278278,wisely
2026-09-19T00:27:23+00:00,2026-09-21T00:00:00+00:00,2853,47.5,Dinner,2,Sun,Fri,20,278278,wisely
2026-09-19T00:27:24+00:00,2026-09-21T00:00:00+00:00,2853,47.5,Dinner,4,Sun,Fri,20,278278,wisely
2026-09-17T15:13:18+00:00,2026-09-21T00:30:00+00:00,4877,81.3,Dinner,2,Sun,Thu,20,278278,wisely
2026-09-17T15:13:19+00:00,2026-09-21T00:30:00+00:00,4877,81.3,Dinner,4,Sun,Thu,20,278278,wisely
2026-09-19T22:11:33+00:00,2026-09-21T00:45:00+00:00,1593,26.6,Dinner,2,Sun,Sat,20,278278,wisely
2026-09-18T19:42:42+00:00,2026-09-21T01:00:00+00:00,3197,53.3,Dinner,2,Sun,Fri,21,278278,wisely
2026-09-19T14:43:13+00:00,2026-09-21T01:15:00+00:00,2072,34.5,Dinner,2,Sun,Sat,21,278278,wisely
2026-09-19T14:43:14+00:00,2026-09-21T01:15:00+00:00,2072,34.5,Dinner,4,Sun,Sat,21,278278,wisely
2026-09-19T06:36:51+00:00,2026-09-21T15:30:00+00:00,3413,56.9,Lunch,2,Mon,Sat,11,278278,wisely
2026-09-19T06:36:53+00:00,2026-09-21T15:30:00+00:00,3413,56.9,Lunch,4,Mon,Sat,11,278278,wisely
2026-09-19T06:36:52+00:00,2026-09-21T15:45:00+00:00,3428,57.1,Lunch,2,Mon,Sat,11,278278,wisely
2026-09-19T06:36:53+00:00,2026-09-21T15:45:00+00:00,3428,57.1,Lunch,4,Mon,Sat,11,278278,wisely
2026-09-21T00:18:36+00:00,2026-09-21T16:00:00+00:00,941,15.7,Lunch,2,Mon,Sun,12,278278,wisely
2026-09-21T00:18:37+00:00,2026-09-21T16:00:00+00:00,941,15.7,Lunch,4,Mon,Sun,12,278278,wisely
2026-09-20T15:08:42+00:00,2026-09-21T16:30:00+00:00,1521,25.4,Lunch,2,Mon,Sun,12,278278,wisely
2026-09-20T15:08:43+00:00,2026-09-21T16:30:00+00:00,1521,25.4,Lunch,4,Mon,Sun,12,278278,wisely
2026-09-19T06:36:52+00:00,2026-09-21T16:45:00+00:00,3488,58.1,Lunch,2,Mon,Sat,12,278278,wisely
2026-09-20T15:08:50+00:00,2026-09-21T16:45:00+00:00,1536,25.6,Lunch,4,Mon,Sun,12,278278,wisely
2026-09-19T06:36:55+00:00,2026-09-21T17:00:00+00:00,3503,58.4,Lunch,2,Mon,Sat,13,278278,wisely
2026-09-19T06:36:56+00:00,2026-09-21T17:15:00+00:00,3518,58.6,Lunch,2,Mon,Sat,13,278278,wisely
2026-09-19T06:36:58+00:00,2026-09-21T17:30:00+00:00,3533,58.9,Lunch,2,Mon,Sat,13,278278,wisely
2026-09-19T06:36:54+00:00,2026-09-21T17:30:00+00:00,3533,58.9,Lunch,4,Mon,Sat,13,278278,wisely
2026-09-19T06:36:58+00:00,2026-09-21T17:45:00+00:00,3548,59.1,Lunch,2,Mon,Sat,13,278278,wisely
2026-09-19T06:36:57+00:00,2026-09-21T17:45:00+00:00,3548,59.1,Lunch,4,Mon,Sat,13,278278,wisely
2026-09-19T06:36:59+00:00,2026-09-21T18:00:00+00:00,3563,59.4,Lunch,2,Mon,Sat,14,278278,wisely
2026-09-19T06:36:57+00:00,2026-09-21T18:00:00+00:00,3563,59.4,Lunch,4,Mon,Sat,14,278278,wisely
2026-09-19T06:37:00+00:00,2026-09-21T18:15:00+00:00,3578,59.6,Lunch,2,Mon,Sat,14,278278,wisely
2026-09-19T06:37:00+00:00,2026-09-21T18:15:00+00:00,3578,59.6,Lunch,4,Mon,Sat,14,278278,wisely
2026-09-21T16:55:21+00:00,2026-09-21T18:30:00+00:00,95,1.6,Lunch,2,Mon,Mon,14,278278,wisely
2026-09-19T17:29:13+00:00,2026-09-21T18:30:00+00:00,2941,49.0,Lunch,4,Mon,Sat,14,278278,wisely
2026-09-21T16:55:22+00:00,2026-09-21T18:45:00+00:00,110,1.8,Lunch,2,Mon,Mon,14,278278,wisely
2026-09-20T18:11:46+00:00,2026-09-21T18:45:00+00:00,1473,24.6,Lunch,4,Mon,Sun,14,278278,wisely
2026-09-21T16:55:23+00:00,2026-09-21T19:15:00+00:00,140,2.3,Lunch,4,Mon,Mon,15,278278,wisely
2026-09-20T18:11:08+00:00,2026-09-21T20:30:00+00:00,1579,26.3,Dinner,2,Mon,Sun,16,278278,wisely
2026-09-20T15:08:31+00:00,2026-09-21T20:45:00+00:00,1776,29.6,Dinner,2,Mon,Sun,16,278278,wisely
2026-09-20T20:47:39+00:00,2026-09-21T20:45:00+00:00,1437,24.0,Dinner,4,Mon,Sun,16,278278,wisely
2026-09-19T22:12:01+00:00,2026-09-21T21:00:00+00:00,2808,46.8,Dinner,2,Mon,Sat,17,278278,wisely
2026-09-19T22:12:02+00:00,2026-09-21T21:00:00+00:00,2808,46.8,Dinner,4,Mon,Sat,17,278278,wisely
2026-09-20T01:32:38+00:00,2026-09-22T00:30:00+00:00,2817,47.0,Dinner,2,Mon,Sat,20,278278,wisely
2026-09-20T01:32:39+00:00,2026-09-22T00:30:00+00:00,2817,47.0,Dinner,4,Mon,Sat,20,278278,wisely
2026-09-19T19:30:37+00:00,2026-09-22T01:15:00+00:00,3224,53.7,Dinner,2,Mon,Sat,21,278278,wisely
2026-09-19T19:30:38+00:00,2026-09-22T01:15:00+00:00,3224,53.7,Dinner,4,Mon,Sat,21,278278,wisely
2026-09-18T04:42:46+00:00,2026-09-22T01:45:00+00:00,5582,93.0,Dinner,2,Mon,Fri,21,278278,wisely
2026-09-18T04:42:46+00:00,2026-09-22T01:45:00+00:00,5582,93.0,Dinner,4,Mon,Fri,21,278278,wisely
2026-09-20T06:53:38+00:00,2026-09-22T15:30:00+00:00,3396,56.6,Lunch,2,Tue,Sun,11,278278,wisely
2026-09-20T06:53:39+00:00,2026-09-22T15:30:00+00:00,3396,56.6,Lunch,4,Tue,Sun,11,278278,wisely
2026-09-21T16:55:48+00:00,2026-09-22T15:45:00+00:00,1369,22.8,Lunch,2,Tue,Mon,11,278278,wisely
2026-09-21T16:55:49+00:00,2026-09-22T15:45:00+00:00,1369,22.8,Lunch,4,Tue,Mon,11,278278,wisely
2026-09-21T23:40:11+00:00,2026-09-22T16:15:00+00:00,995,16.6,Lunch,2,Tue,Mon,12,278278,wisely
2026-09-21T23:40:12+00:00,2026-09-22T16:15:00+00:00,995,16.6,Lunch,4,Tue,Mon,12,278278,wisely
2026-09-22T12:13:46+00:00,2026-09-22T16:30:00+00:00,256,4.3,Lunch,2,Tue,Tue,12,278278,wisely
2026-09-21T20:44:28+00:00,2026-09-22T17:00:00+00:00,1216,20.3,Lunch,2,Tue,Mon,13,278278,wisely
2026-09-21T20:44:29+00:00,2026-09-22T17:00:00+00:00,1216,20.3,Lunch,4,Tue,Mon,13,278278,wisely
2026-09-21T16:55:48+00:00,2026-09-22T17:15:00+00:00,1459,24.3,Lunch,2,Tue,Mon,13,278278,wisely
2026-09-20T06:53:38+00:00,2026-09-22T17:45:00+00:00,3531,58.9,Lunch,2,Tue,Sun,13,278278,wisely
2026-09-20T06:53:40+00:00,2026-09-22T17:45:00+00:00,3531,58.9,Lunch,4,Tue,Sun,13,278278,wisely
2026-09-20T06:53:39+00:00,2026-09-22T18:00:00+00:00,3546,59.1,Lunch,2,Tue,Sun,14,278278,wisely
2026-09-20T06:53:40+00:00,2026-09-22T18:00:00+00:00,3546,59.1,Lunch,4,Tue,Sun,14,278278,wisely
2026-09-20T06:53:42+00:00,2026-09-22T18:15:00+00:00,3561,59.4,Lunch,2,Tue,Sun,14,278278,wisely
2026-09-20T06:53:42+00:00,2026-09-22T18:15:00+00:00,3561,59.4,Lunch,4,Tue,Sun,14,278278,wisely
2026-09-21T20:44:44+00:00,2026-09-22T18:30:00+00:00,1305,21.8,Lunch,2,Tue,Mon,14,278278,wisely
2026-09-21T20:44:44+00:00,2026-09-22T18:30:00+00:00,1305,21.8,Lunch,4,Tue,Mon,14,278278,wisely
2026-09-22T06:53:59+00:00,2026-09-22T21:15:00+00:00,861,14.4,Dinner,2,Tue,Tue,17,278278,wisely
2026-09-22T06:53:59+00:00,2026-09-22T21:15:00+00:00,861,14.4,Dinner,4,Tue,Tue,17,278278,wisely
2026-09-21T23:02:51+00:00,2026-09-22T23:15:00+00:00,1452,24.2,Dinner,2,Tue,Mon,19,278278,wisely
2026-09-21T16:55:37+00:00,2026-09-23T01:00:00+00:00,1924,32.1,Dinner,2,Tue,Mon,21,278278,wisely
2026-09-21T16:55:38+00:00,2026-09-23T01:00:00+00:00,1924,32.1,Dinner,4,Tue,Mon,21,278278,wisely
2026-09-21T16:55:38+00:00,2026-09-23T01:30:00+00:00,1954,32.6,Dinner,2,Tue,Mon,21,278278,wisely
2026-09-21T16:55:38+00:00,2026-09-23T01:30:00+00:00,1954,32.6,Dinner,4,Tue,Mon,21,278278,wisely
2026-09-19T06:37:01+00:00,2026-09-23T01:45:00+00:00,5468,91.1,Dinner,2,Tue,Sat,21,278278,wisely
2026-09-21T05:29:06+00:00,2026-09-23T15:30:00+00:00,3481,58.0,Lunch,2,Wed,Mon,11,278278,wisely
2026-09-21T05:29:06+00:00,2026-09-23T15:30:00+00:00,3481,58.0,Lunch,4,Wed,Mon,11,278278,wisely
2026-09-23T15:14:21+00:00,2026-09-23T17:30:00+00:00,136,2.3,Lunch,2,Wed,Wed,13,278278,wisely
2026-09-23T15:14:22+00:00,2026-09-23T17:30:00+00:00,136,2.3,Lunch,4,Wed,Wed,13,278278,wisely
2026-09-21T05:29:06+00:00,2026-09-23T17:45:00+00:00,3616,60.3,Lunch,2,Wed,Mon,13,278278,wisely
2026-09-21T05:29:06+00:00,2026-09-23T17:45:00+00:00,3616,60.3,Lunch,4,Wed,Mon,13,278278,wisely
2026-09-21T05:29:06+00:00,2026-09-23T18:00:00+00:00,3631,60.5,Lunch,2,Wed,Mon,14,278278,wisely
2026-09-21T05:29:07+00:00,2026-09-23T18:00:00+00:00,3631,60.5,Lunch,4,Wed,Mon,14,278278,wisely
2026-09-21T05:29:09+00:00,2026-09-23T18:15:00+00:00,3646,60.8,Lunch,2,Wed,Mon,14,278278,wisely
2026-09-21T05:29:10+00:00,2026-09-23T18:15:00+00:00,3646,60.8,Lunch,4,Wed,Mon,14,278278,wisely
2026-09-23T05:57:37+00:00,2026-09-23T18:30:00+00:00,752,12.5,Lunch,2,Wed,Wed,14,278278,wisely
2026-09-23T05:57:38+00:00,2026-09-23T18:30:00+00:00,752,12.5,Lunch,4,Wed,Wed,14,278278,wisely
2026-09-21T23:03:52+00:00,2026-09-23T18:45:00+00:00,2621,43.7,Lunch,2,Wed,Mon,14,278278,wisely
2026-09-21T20:45:10+00:00,2026-09-23T18:45:00+00:00,2760,46.0,Lunch,4,Wed,Mon,14,278278,wisely
2026-09-21T23:03:55+00:00,2026-09-23T19:00:00+00:00,2636,43.9,Lunch,4,Wed,Mon,15,278278,wisely
2026-09-22T12:14:13+00:00,2026-09-23T21:00:00+00:00,1966,32.8,Dinner,2,Wed,Tue,17,278278,wisely
2026-09-22T12:14:14+00:00,2026-09-23T21:00:00+00:00,1966,32.8,Dinner,4,Wed,Tue,17,278278,wisely
2026-09-23T01:11:07+00:00,2026-09-23T21:30:00+00:00,1219,20.3,Dinner,2,Wed,Tue,17,278278,wisely
2026-09-23T01:11:08+00:00,2026-09-23T21:30:00+00:00,1219,20.3,Dinner,4,Wed,Tue,17,278278,wisely
2026-09-21T16:56:06+00:00,2026-09-24T01:00:00+00:00,3364,56.1,Dinner,2,Wed,Mon,21,278278,wisely
2026-09-22T20:09:53+00:00,2026-09-24T01:00:00+00:00,1730,28.8,Dinner,4,Wed,Tue,21,278278,wisely
2026-09-22T17:03:13+00:00,2026-09-24T01:45:00+00:00,1962,32.7,Dinner,2,Wed,Tue,21,278278,wisely
2026-09-22T17:03:13+00:00,2026-09-24T01:45:00+00:00,1962,32.7,Dinner,4,Wed,Tue,21,278278,wisely
2026-09-22T06:54:38+00:00,2026-09-24T15:30:00+00:00,3395,56.6,Lunch,2,Thu,Tue,11,278278,wisely
2026-09-22T06:54:39+00:00,2026-09-24T15:30:00+00:00,3395,56.6,Lunch,4,Thu,Tue,11,278278,wisely
2026-09-22T17:03:50+00:00,2026-09-24T15:45:00+00:00,2801,46.7,Lunch,2,Thu,Tue,11,278278,wisely
2026-09-22T17:03:53+00:00,2026-09-24T15:45:00+00:00,2801,46.7,Lunch,4,Thu,Tue,11,278278,wisely
2026-09-24T05:24:13+00:00,2026-09-24T16:15:00+00:00,651,10.8,Lunch,2,Thu,Thu,12,278278,wisely
2026-09-24T05:24:15+00:00,2026-09-24T16:15:00+00:00,651,10.8,Lunch,4,Thu,Thu,12,278278,wisely
2026-09-24T05:24:14+00:00,2026-09-24T16:30:00+00:00,666,11.1,Lunch,2,Thu,Thu,12,278278,wisely
2026-09-22T06:54:38+00:00,2026-09-24T16:45:00+00:00,3470,57.8,Lunch,2,Thu,Tue,12,278278,wisely
2026-09-22T06:54:38+00:00,2026-09-24T17:15:00+00:00,3500,58.3,Lunch,2,Thu,Tue,13,278278,wisely
2026-09-22T06:54:41+00:00,2026-09-24T17:45:00+00:00,3530,58.8,Lunch,2,Thu,Tue,13,278278,wisely
2026-09-22T06:54:39+00:00,2026-09-24T17:45:00+00:00,3530,58.8,Lunch,4,Thu,Tue,13,278278,wisely
2026-09-22T06:54:43+00:00,2026-09-24T18:00:00+00:00,3545,59.1,Lunch,2,Thu,Tue,14,278278,wisely
2026-09-22T06:54:44+00:00,2026-09-24T18:15:00+00:00,3560,59.3,Lunch,2,Thu,Tue,14,278278,wisely
2026-09-22T06:54:39+00:00,2026-09-24T18:15:00+00:00,3560,59.3,Lunch,4,Thu,Tue,14,278278,wisely
2026-09-24T15:24:34+00:00,2026-09-24T18:30:00+00:00,185,3.1,Lunch,2,Thu,Thu,14,278278,wisely
2026-09-22T06:54:43+00:00,2026-09-24T18:30:00+00:00,3575,59.6,Lunch,4,Thu,Tue,14,278278,wisely
2026-09-22T17:04:07+00:00,2026-09-24T18:45:00+00:00,2981,49.7,Lunch,4,Thu,Tue,14,278278,wisely
2026-09-22T22:56:59+00:00,2026-09-24T19:00:00+00:00,2643,44.1,Lunch,4,Thu,Tue,15,278278,wisely
2026-09-24T00:33:36+00:00,2026-09-24T19:15:00+00:00,1121,18.7,Lunch,4,Thu,Wed,15,278278,wisely
2026-09-24T00:55:34+00:00,2026-09-24T20:30:00+00:00,1174,19.6,Dinner,2,Thu,Wed,16,278278,wisely
2026-09-24T00:55:36+00:00,2026-09-24T20:30:00+00:00,1174,19.6,Dinner,4,Thu,Wed,16,278278,wisely
2026-09-23T15:14:39+00:00,2026-09-24T21:00:00+00:00,1785,29.8,Dinner,2,Thu,Wed,17,278278,wisely
2026-09-23T15:14:39+00:00,2026-09-24T21:15:00+00:00,1800,30.0,Dinner,2,Thu,Wed,17,278278,wisely
2026-09-21T20:45:15+00:00,2026-09-25T00:45:00+00:00,4560,76.0,Dinner,2,Thu,Mon,20,278278,wisely
2026-09-24T00:55:35+00:00,2026-09-25T01:00:00+00:00,1444,24.1,Dinner,2,Thu,Wed,21,278278,wisely
2026-09-24T00:55:36+00:00,2026-09-25T01:00:00+00:00,1444,24.1,Dinner,4,Thu,Wed,21,278278,wisely
2026-09-23T15:14:39+00:00,2026-09-25T01:15:00+00:00,2040,34.0,Dinner,2,Thu,Wed,21,278278,wisely
2026-09-23T15:14:40+00:00,2026-09-25T01:15:00+00:00,2040,34.0,Dinner,4,Thu,Wed,21,278278,wisely
2026-09-23T15:14:45+00:00,2026-09-25T01:30:00+00:00,2055,34.3,Dinner,2,Thu,Wed,21,278278,wisely
2026-09-23T15:14:40+00:00,2026-09-25T01:30:00+00:00,2055,34.3,Dinner,4,Thu,Wed,21,278278,wisely
2026-09-22T22:56:27+00:00,2026-09-25T01:45:00+00:00,3049,50.8,Dinner,2,Thu,Tue,21,278278,wisely
2026-09-22T22:56:27+00:00,2026-09-25T01:45:00+00:00,3049,50.8,Dinner,4,Thu,Tue,21,278278,wisely
2026-09-23T05:58:07+00:00,2026-09-25T15:30:00+00:00,3452,57.5,Lunch,2,Fri,Wed,11,278278,wisely
2026-09-23T05:58:08+00:00,2026-09-25T15:30:00+00:00,3452,57.5,Lunch,4,Fri,Wed,11,278278,wisely
2026-09-23T05:58:08+00:00,2026-09-25T15:45:00+00:00,3467,57.8,Lunch,2,Fri,Wed,11,278278,wisely
2026-09-23T05:58:09+00:00,2026-09-25T15:45:00+00:00,3467,57.8,Lunch,4,Fri,Wed,11,278278,wisely
2026-09-24T15:24:58+00:00,2026-09-25T16:00:00+00:00,1475,24.6,Lunch,2,Fri,Thu,12,278278,wisely
2026-09-24T15:24:59+00:00,2026-09-25T16:00:00+00:00,1475,24.6,Lunch,4,Fri,Thu,12,278278,wisely
2026-09-23T05:58:08+00:00,2026-09-25T16:15:00+00:00,3497,58.3,Lunch,2,Fri,Wed,12,278278,wisely
2026-09-23T05:58:09+00:00,2026-09-25T16:15:00+00:00,3497,58.3,Lunch,4,Fri,Wed,12,278278,wisely
2026-09-23T19:07:26+00:00,2026-09-25T16:30:00+00:00,2723,45.4,Lunch,2,Fri,Wed,12,278278,wisely
2026-09-23T19:07:26+00:00,2026-09-25T16:30:00+00:00,2723,45.4,Lunch,4,Fri,Wed,12,278278,wisely
2026-09-24T15:25:03+00:00,2026-09-25T16:45:00+00:00,1520,25.3,Lunch,2,Fri,Thu,12,278278,wisely
2026-09-24T15:25:03+00:00,2026-09-25T16:45:00+00:00,1520,25.3,Lunch,4,Fri,Thu,12,278278,wisely
2026-09-23T05:58:12+00:00,2026-09-25T17:15:00+00:00,3557,59.3,Lunch,2,Fri,Wed,13,278278,wisely
2026-09-24T15:25:05+00:00,2026-09-25T17:15:00+00:00,1550,25.8,Lunch,4,Fri,Thu,13,278278,wisely
2026-09-23T05:58:12+00:00,2026-09-25T17:30:00+00:00,3572,59.5,Lunch,2,Fri,Wed,13,278278,wisely
2026-09-25T05:30:06+00:00,2026-09-25T17:30:00+00:00,720,12.0,Lunch,4,Fri,Fri,13,278278,wisely
2026-09-23T05:58:14+00:00,2026-09-25T17:45:00+00:00,3587,59.8,Lunch,2,Fri,Wed,13,278278,wisely
2026-09-23T05:58:15+00:00,2026-09-25T18:00:00+00:00,3602,60.0,Lunch,2,Fri,Wed,14,278278,wisely
2026-09-23T05:58:13+00:00,2026-09-25T18:00:00+00:00,3602,60.0,Lunch,4,Fri,Wed,14,278278,wisely
2026-09-23T05:58:16+00:00,2026-09-25T18:15:00+00:00,3617,60.3,Lunch,2,Fri,Wed,14,278278,wisely
2026-09-23T22:15:23+00:00,2026-09-25T18:15:00+00:00,2640,44.0,Lunch,4,Fri,Wed,14,278278,wisely
2026-09-23T05:58:14+00:00,2026-09-25T18:30:00+00:00,3632,60.5,Lunch,4,Fri,Wed,14,278278,wisely
2026-09-24T15:25:07+00:00,2026-09-25T18:45:00+00:00,1640,27.3,Lunch,2,Fri,Thu,14,278278,wisely
2026-09-24T15:25:08+00:00,2026-09-25T18:45:00+00:00,1640,27.3,Lunch,4,Fri,Thu,14,278278,wisely
2026-09-24T19:25:54+00:00,2026-09-25T19:15:00+00:00,1429,23.8,Lunch,2,Fri,Thu,15,278278,wisely
2026-09-24T19:25:55+00:00,2026-09-25T19:15:00+00:00,1429,23.8,Lunch,4,Fri,Thu,15,278278,wisely
2026-09-24T15:24:48+00:00,2026-09-25T20:30:00+00:00,1745,29.1,Dinner,2,Fri,Thu,16,278278,wisely
2026-09-24T15:24:49+00:00,2026-09-25T20:30:00+00:00,1745,29.1,Dinner,4,Fri,Thu,16,278278,wisely
2026-09-23T19:07:07+00:00,2026-09-25T20:45:00+00:00,2978,49.6,Dinner,2,Fri,Wed,16,278278,wisely
2026-09-24T19:25:24+00:00,2026-09-26T01:30:00+00:00,1805,30.1,Dinner,2,Fri,Thu,21,278278,wisely
2026-09-24T19:25:25+00:00,2026-09-26T01:30:00+00:00,1805,30.1,Dinner,4,Fri,Thu,21,278278,wisely
2026-09-25T15:27:05+00:00,2026-09-26T15:30:00+00:00,1443,24.0,Lunch,2,Sat,Fri,11,278278,wisely
2026-09-24T22:39:54+00:00,2026-09-26T15:45:00+00:00,2465,41.1,Lunch,2,Sat,Thu,11,278278,wisely
2026-09-25T15:27:06+00:00,2026-09-26T15:45:00+00:00,1458,24.3,Lunch,4,Sat,Fri,11,278278,wisely
2026-09-25T15:27:06+00:00,2026-09-26T16:00:00+00:00,1473,24.5,Lunch,2,Sat,Fri,12,278278,wisely
2026-09-25T15:27:07+00:00,2026-09-26T16:00:00+00:00,1473,24.5,Lunch,4,Sat,Fri,12,278278,wisely
2026-09-26T05:41:02+00:00,2026-09-26T16:15:00+00:00,634,10.6,Lunch,2,Sat,Sat,12,278278,wisely
2026-09-26T05:41:02+00:00,2026-09-26T16:15:00+00:00,634,10.6,Lunch,4,Sat,Sat,12,278278,wisely
2026-09-25T15:27:08+00:00,2026-09-26T16:30:00+00:00,1503,25.0,Lunch,2,Sat,Fri,12,278278,wisely
2026-09-25T15:27:09+00:00,2026-09-26T16:45:00+00:00,1518,25.3,Lunch,2,Sat,Fri,12,278278,wisely
2026-09-25T15:27:07+00:00,2026-09-26T16:45:00+00:00,1518,25.3,Lunch,4,Sat,Fri,12,278278,wisely
2026-09-26T00:53:46+00:00,2026-09-26T17:00:00+00:00,966,16.1,Lunch,2,Sat,Fri,13,278278,wisely
2026-09-26T00:53:47+00:00,2026-09-26T17:00:00+00:00,966,16.1,Lunch,4,Sat,Fri,13,278278,wisely
2026-09-26T01:32:21+00:00,2026-09-26T17:15:00+00:00,943,15.7,Lunch,2,Sat,Fri,13,278278,wisely
2026-09-26T01:32:22+00:00,2026-09-26T17:15:00+00:00,943,15.7,Lunch,4,Sat,Fri,13,278278,wisely
2026-09-25T15:27:11+00:00,2026-09-26T18:30:00+00:00,1623,27.0,Lunch,2,Sat,Fri,14,278278,wisely
2026-09-25T15:27:10+00:00,2026-09-26T18:30:00+00:00,1623,27.0,Lunch,4,Sat,Fri,14,278278,wisely
2026-09-25T15:27:12+00:00,2026-09-26T18:45:00+00:00,1638,27.3,Lunch,2,Sat,Fri,14,278278,wisely
2026-09-25T15:27:11+00:00,2026-09-26T18:45:00+00:00,1638,27.3,Lunch,4,Sat,Fri,14,278278,wisely
2026-09-26T00:53:47+00:00,2026-09-26T20:00:00+00:00,1146,19.1,Lunch,2,Sat,Fri,16,278278,wisely
2026-09-26T00:53:48+00:00,2026-09-26T20:00:00+00:00,1146,19.1,Lunch,4,Sat,Fri,16,278278,wisely
2026-09-24T05:24:38+00:00,2026-09-26T20:15:00+00:00,3770,62.8,Lunch,2,Sat,Thu,16,278278,wisely
2026-09-24T23:04:08+00:00,2026-09-27T01:30:00+00:00,3026,50.4,Dinner,2,Sat,Thu,21,278278,wisely
2026-09-24T23:04:09+00:00,2026-09-27T01:30:00+00:00,3026,50.4,Dinner,4,Sat,Thu,21,278278,wisely
2026-09-26T01:32:43+00:00,2026-09-27T15:30:00+00:00,2277,38.0,Lunch,2,Sun,Fri,11,278278,wisely
2026-09-26T01:32:43+00:00,2026-09-27T15:30:00+00:00,2277,38.0,Lunch,4,Sun,Fri,11,278278,wisely
2026-09-25T23:08:57+00:00,2026-09-27T15:45:00+00:00,2436,40.6,Lunch,2,Sun,Fri,11,278278,wisely
2026-09-26T05:41:16+00:00,2026-09-27T16:00:00+00:00,2059,34.3,Lunch,2,Sun,Sat,12,278278,wisely
2026-09-26T05:41:16+00:00,2026-09-27T16:00:00+00:00,2059,34.3,Lunch,4,Sun,Sat,12,278278,wisely
2026-09-26T22:26:38+00:00,2026-09-27T16:15:00+00:00,1068,17.8,Lunch,2,Sun,Sat,12,278278,wisely
2026-09-26T17:58:02+00:00,2026-09-27T16:30:00+00:00,1352,22.5,Lunch,2,Sun,Sat,12,278278,wisely
2026-09-26T14:33:29+00:00,2026-09-27T16:45:00+00:00,1572,26.2,Lunch,2,Sun,Sat,12,278278,wisely
2026-09-26T14:33:30+00:00,2026-09-27T16:45:00+00:00,1571,26.2,Lunch,4,Sun,Sat,12,278278,wisely
2026-09-27T07:02:40+00:00,2026-09-27T17:45:00+00:00,642,10.7,Lunch,2,Sun,Sun,13,278278,wisely
2026-09-26T14:33:29+00:00,2026-09-27T18:30:00+00:00,1677,27.9,Lunch,2,Sun,Sat,14,278278,wisely
2026-09-26T14:33:30+00:00,2026-09-27T18:30:00+00:00,1676,27.9,Lunch,4,Sun,Sat,14,278278,wisely
2026-09-26T14:33:34+00:00,2026-09-27T19:00:00+00:00,1706,28.4,Lunch,2,Sun,Sat,15,278278,wisely
2026-09-26T14:33:34+00:00,2026-09-27T19:15:00+00:00,1721,28.7,Lunch,4,Sun,Sat,15,278278,wisely
2026-09-26T14:33:19+00:00,2026-09-27T20:30:00+00:00,1797,29.9,Dinner,2,Sun,Sat,16,278278,wisely
2026-09-26T14:33:20+00:00,2026-09-27T20:30:00+00:00,1797,29.9,Dinner,4,Sun,Sat,16,278278,wisely
2026-09-26T14:33:19+00:00,2026-09-27T21:00:00+00:00,1827,30.4,Dinner,2,Sun,Sat,17,278278,wisely
2026-09-26T14:33:20+00:00,2026-09-27T21:00:00+00:00,1827,30.4,Dinner,4,Sun,Sat,17,278278,wisely
2026-09-26T14:33:19+00:00,2026-09-27T21:30:00+00:00,1857,30.9,Dinner,2,Sun,Sat,17,278278,wisely
2026-09-26T14:33:20+00:00,2026-09-27T21:30:00+00:00,1857,30.9,Dinner,4,Sun,Sat,17,278278,wisely
2026-09-27T01:32:57+00:00,2026-09-28T00:45:00+00:00,1392,23.2,Dinner,2,Sun,Sat,20,278278,wisely
2026-09-27T01:32:57+00:00,2026-09-28T00:45:00+00:00,1392,23.2,Dinner,4,Sun,Sat,20,278278,wisely
2026-09-26T22:26:27+00:00,2026-09-28T01:00:00+00:00,1594,26.6,Dinner,2,Sun,Sat,21,278278,wisely
2026-09-26T05:41:29+00:00,2026-09-28T15:30:00+00:00,3469,57.8,Lunch,2,Mon,Sat,11,278278,wisely
2026-09-26T05:41:30+00:00,2026-09-28T15:30:00+00:00,3468,57.8,Lunch,4,Mon,Sat,11,278278,wisely
2026-09-26T05:41:30+00:00,2026-09-28T15:45:00+00:00,3483,58.1,Lunch,2,Mon,Sat,11,278278,wisely
2026-09-26T05:41:31+00:00,2026-09-28T15:45:00+00:00,3483,58.1,Lunch,4,Mon,Sat,11,278278,wisely
2026-09-26T05:41:30+00:00,2026-09-28T16:00:00+00:00,3498,58.3,Lunch,2,Mon,Sat,12,278278,wisely
2026-09-26T05:41:31+00:00,2026-09-28T16:00:00+00:00,3498,58.3,Lunch,4,Mon,Sat,12,278278,wisely
2026-09-26T05:41:32+00:00,2026-09-28T16:15:00+00:00,3513,58.6,Lunch,2,Mon,Sat,12,278278,wisely
2026-09-27T20:23:06+00:00,2026-09-28T16:30:00+00:00,1207,20.1,Lunch,2,Mon,Sun,12,278278,wisely
2026-09-26T05:41:33+00:00,2026-09-28T17:15:00+00:00,3573,59.6,Lunch,2,Mon,Sat,13,278278,wisely
2026-09-26T05:41:34+00:00,2026-09-28T17:30:00+00:00,3588,59.8,Lunch,2,Mon,Sat,13,278278,wisely
2026-09-26T05:41:34+00:00,2026-09-28T17:30:00+00:00,3588,59.8,Lunch,4,Mon,Sat,13,278278,wisely
2026-09-26T05:41:35+00:00,2026-09-28T17:45:00+00:00,3603,60.1,Lunch,2,Mon,Sat,13,278278,wisely
2026-09-26T05:41:34+00:00,2026-09-28T17:45:00+00:00,3603,60.1,Lunch,4,Mon,Sat,13,278278,wisely
2026-09-26T05:41:36+00:00,2026-09-28T18:00:00+00:00,3618,60.3,Lunch,2,Mon,Sat,14,278278,wisely
2026-09-26T05:41:35+00:00,2026-09-28T18:00:00+00:00,3618,60.3,Lunch,4,Mon,Sat,14,278278,wisely
2026-09-26T05:41:36+00:00,2026-09-28T18:15:00+00:00,3633,60.6,Lunch,2,Mon,Sat,14,278278,wisely
2026-09-26T05:41:37+00:00,2026-09-28T18:15:00+00:00,3633,60.6,Lunch,4,Mon,Sat,14,278278,wisely
2026-09-28T16:05:36+00:00,2026-09-28T14:30:00-04:00,144,2.4,Lunch,2,Mon,Mon,14,278278,wisely
2026-09-28T16:05:37+00:00,2026-09-28T14:30:00-04:00,144,2.4,Lunch,4,Mon,Mon,14,278278,wisely
2026-09-25T05:30:35+00:00,2026-09-28T20:30:00+00:00,5219,87.0,Dinner,2,Mon,Fri,16,278278,wisely
2026-09-25T05:30:36+00:00,2026-09-28T20:30:00+00:00,5219,87.0,Dinner,4,Mon,Fri,16,278278,wisely
2026-09-27T20:22:56+00:00,2026-09-28T20:45:00+00:00,1462,24.4,Dinner,2,Mon,Sun,16,278278,wisely
2026-09-27T20:22:57+00:00,2026-09-28T20:45:00+00:00,1462,24.4,Dinner,4,Mon,Sun,16,278278,wisely
2026-09-27T20:22:56+00:00,2026-09-28T21:00:00+00:00,1477,24.6,Dinner,2,Mon,Sun,17,278278,wisely
2026-09-28T16:05:31+00:00,2026-09-28T17:15:00-04:00,309,5.2,Dinner,2,Mon,Mon,17,278278,wisely
2026-09-28T16:05:31+00:00,2026-09-28T17:15:00-04:00,309,5.2,Dinner,4,Mon,Mon,17,278278,wisely
2026-09-27T22:51:17+00:00,2026-09-29T00:45:00+00:00,1554,25.9,Dinner,2,Mon,Sun,20,278278,wisely
2026-09-27T22:51:17+00:00,2026-09-29T00:45:00+00:00,1554,25.9,Dinner,4,Mon,Sun,20,278278,wisely
2026-09-27T17:34:30+00:00,2026-09-29T01:15:00+00:00,1900,31.7,Dinner,2,Mon,Sun,21,278278,wisely
2026-09-25T05:30:36+00:00,2026-09-29T01:45:00+00:00,5534,92.2,Dinner,2,Mon,Fri,21,278278,wisely
2026-09-25T05:30:37+00:00,2026-09-29T01:45:00+00:00,5534,92.2,Dinner,4,Mon,Fri,21,278278,wisely
2026-09-27T07:03:14+00:00,2026-09-29T15:30:00+00:00,3387,56.4,Lunch,2,Tue,Sun,11,278278,wisely
2026-09-27T07:03:15+00:00,2026-09-29T15:30:00+00:00,3387,56.4,Lunch,4,Tue,Sun,11,278278,wisely
2026-09-27T07:03:15+00:00,2026-09-29T17:45:00+00:00,3522,58.7,Lunch,2,Tue,Sun,13,278278,wisely
2026-09-27T07:03:15+00:00,2026-09-29T17:45:00+00:00,3522,58.7,Lunch,4,Tue,Sun,13,278278,wisely
2026-09-27T07:03:15+00:00,2026-09-29T18:00:00+00:00,3537,58.9,Lunch,2,Tue,Sun,14,278278,wisely
2026-09-27T07:03:16+00:00,2026-09-29T18:00:00+00:00,3537,58.9,Lunch,4,Tue,Sun,14,278278,wisely
2026-09-27T07:03:19+00:00,2026-09-29T18:15:00+00:00,3552,59.2,Lunch,2,Tue,Sun,14,278278,wisely
2026-09-27T07:03:19+00:00,2026-09-29T18:15:00+00:00,3552,59.2,Lunch,4,Tue,Sun,14,278278,wisely
2026-09-28T16:05:46+00:00,2026-09-29T14:30:00-04:00,1584,26.4,Lunch,2,Tue,Mon,14,278278,wisely
2026-09-28T16:05:46+00:00,2026-09-29T14:30:00-04:00,1584,26.4,Lunch,4,Tue,Mon,14,278278,wisely
2026-09-28T07:46:29+00:00,2026-09-30T15:30:00+00:00,3344,55.7,Lunch,2,Wed,Mon,11,278278,wisely
2026-09-28T07:46:30+00:00,2026-09-30T15:30:00+00:00,3343,55.7,Lunch,4,Wed,Mon,11,278278,wisely
2026-09-28T16:05:55+00:00,2026-09-30T13:30:00-04:00,2964,49.4,Lunch,2,Wed,Mon,13,278278,wisely
2026-09-28T16:05:55+00:00,2026-09-30T13:30:00-04:00,2964,49.4,Lunch,4,Wed,Mon,13,278278,wisely
2026-09-28T07:46:29+00:00,2026-09-30T17:45:00+00:00,3479,58.0,Lunch,2,Wed,Mon,13,278278,wisely
2026-09-28T07:46:30+00:00,2026-09-30T17:45:00+00:00,3478,58.0,Lunch,4,Wed,Mon,13,278278,wisely
2026-09-28T07:46:29+00:00,2026-09-30T18:00:00+00:00,3494,58.2,Lunch,2,Wed,Mon,14,278278,wisely
2026-09-28T07:46:30+00:00,2026-09-30T18:00:00+00:00,3493,58.2,Lunch,4,Wed,Mon,14,278278,wisely
2026-09-28T07:46:33+00:00,2026-09-30T18:15:00+00:00,3508,58.5,Lunch,2,Wed,Mon,14,278278,wisely
2026-09-28T07:46:33+00:00,2026-09-30T18:15:00+00:00,3508,58.5,Lunch,4,Wed,Mon,14,278278,wisely
2026-09-28T21:54:45+00:00,2026-09-30T14:30:00-04:00,2675,44.6,Lunch,2,Wed,Mon,14,278278,wisely
2026-09-28T21:54:45+00:00,2026-09-30T14:30:00-04:00,2675,44.6,Lunch,4,Wed,Mon,14,278278,wisely
